LAST UPDATED,FREQUENCY,PERIOD BEGIN,PERIOD END,REGION TYPE,REGION NAME,HOMES SOLD,HOMES SOLD YOY ,MEDIAN SALE PRICE ,MEDIAN SALE PRICE YOY ,MEDIAN DAYS ON MARKET _DAYS_,MEDIAN DAYS ON MARKET YOY ,NEW LISTINGS,NEW LISTINGS YOY ,ACTIVE LISTINGS,ACTIVE LISTINGS YOY ,PENDING SALES,PENDING SALES YOY 
2026-04-03,Rolling 3 Months,2026-01-01,2026-03-31,City,"Algonquin, IL",100,20.48,407495,-0.61,75,750,117,0.86,206,11.96,132,29.41
2026-04-03,Rolling 3 Months,2026-01-01,2026-03-31,City,"Hoffman Estates, IL",107,40.79,394700,8.14,57,1400,141,1.44,223,18.62,146,23.73
2026-04-03,Rolling 3 Months,2026-01-01,2026-03-31,City,"Oak Park, IL",108,-16.92,367500,-5.77,51,-450,179,-2.72,252,-5.62,177,-4.84
2026-04-03,Rolling 3 Months,2026-01-01,2026-03-31,City,"Hoopeston, IL",11,-50,72000,-23.4,38,-1100,22,15.79,35,-2.78,15,-37.5
2026-04-03,Rolling 3 Months,2026-01-01,2026-03-31,City,"Streamwood, IL",112,14.29,321500,5.07,50,-500,144,7.46,208,0,153,28.57
2026-04-03,Rolling 3 Months,2026-01-01,2026-03-31,City,"Des Plaines, IL",112,-7.44,365000,1.39,61,1550,166,-12.17,268,-3.25,157,-6.55
2026-04-03,Rolling 3 Months,2026-01-01,2026-03-31,City,"Quincy, IL",116,-4.92,177500,18.33,51,-200,159,15.22,271,8.84,151,4.86
2026-04-03,Rolling 3 Months,2026-01-01,2026-03-31,City,"Huntley, IL",116,-5.69,407500,-0.61,71,250,173,15.33,261,-3.33,164,0
2026-04-03,Rolling 3 Months,2026-01-01,2026-03-31,City,"Pekin, IL",120,34.83,125000,0,37,250,99,1.02,168,12.75,137,41.24
2026-04-03,Rolling 3 Months,2026-01-01,2026-03-31,City,"Oak Lawn, IL",124,-12.68,288500,5.87,73,200,185,4.52,328,1.23,174,-2.25
2026-04-03,Rolling 3 Months,2026-01-01,2026-03-31,City,"Lombard, IL",127,62.82,362000,4.7,46,-450,159,11.97,251,14.61,160,10.34
2026-04-03,Rolling 3 Months,2026-01-01,2026-03-31,City,"Downers Grove, IL",128,9.4,525000,18.91,57,50,168,9.8,261,12.5,175,11.46
2026-04-03,Rolling 3 Months,2026-01-01,2026-03-31,City,"Riverside, IL",13,-13.33,500000,-19.68,54,-2600,38,15.15,47,-9.62,29,-3.33
2026-04-03,Rolling 3 Months,2026-01-01,2026-03-31,City,"Metropolis, IL",13,-31.58,126000,117.24,88,100,25,-19.35,57,5.56,18,-25
2026-04-03,Rolling 3 Months,2026-01-01,2026-03-31,City,"Bolingbrook, IL",135,12.5,375000,6.84,57,300,197,13.87,305,10.91,198,8.2
2026-04-03,Rolling 3 Months,2026-01-01,2026-03-31,City,"Lyons, IL",14,180,286500,-1.21,43,-2600,37,23.33,49,13.95,25,19.05
2026-04-03,Rolling 3 Months,2026-01-01,2026-03-31,City,"Willow Springs, IL",14,-12.5,385000,3.36,76,-850,20,5.26,27,-27.03,19,-9.52
2026-04-03,Rolling 3 Months,2026-01-01,2026-03-31,City,"Orland Hills, IL",14,55.56,317000,7.09,49,-6150,22,69.23,30,42.86,23,130
2026-04-03,Rolling 3 Months,2026-01-01,2026-03-31,City,"Kildeer, IL",14,-22.22,853682,-3.27,101,3000,23,-8,42,10.53,18,-14.29
2026-04-03,Rolling 3 Months,2026-01-01,2026-03-31,City,"Arlington Heights, IL",144,-20.44,490000,7.22,44,-650,248,-2.36,332,-7.78,229,0.44
2026-04-03,Rolling 3 Months,2026-01-01,2026-03-31,City,"Evanston, IL",145,10.69,437000,-1.8,49,400,246,28.13,345,19.79,234,31.46
2026-04-03,Rolling 3 Months,2026-01-01,2026-03-31,City,"Champaign, IL",147,-3.92,225000,-0.44,61,1250,256,20.19,405,25.78,218,0.93
2026-04-03,Rolling 3 Months,2026-01-01,2026-03-31,City,"Orland Park, IL",149,7.97,364500,5.27,53,-2100,192,-11.52,325,-11.92,182,-10.78
2026-04-03,Rolling 3 Months,2026-01-01,2026-03-31,City,"Schiller Park, IL",15,-34.78,315000,15.38,42,-700,31,-6.06,48,-2.04,37,23.33
2026-04-03,Rolling 3 Months,2026-01-01,2026-03-31,City,"Rock Falls, IL",15,-34.78,100000,-22.48,42,-500,28,7.69,42,0,24,-11.11
2026-04-03,Rolling 3 Months,2026-01-01,2026-03-31,City,"Lynwood, IL",15,66.67,236500,-22.96,81,800,25,-10.71,50,-18.03,26,-3.7
2026-04-03,Rolling 3 Months,2026-01-01,2026-03-31,City,"Belleville, IL",150,15.38,144834,-9.48,41,-800,199,6.99,356,11.6,206,0.49
2026-04-03,Rolling 3 Months,2026-01-01,2026-03-31,City,"Palatine, IL",152,-14.61,325500,-5.65,53,0,214,-4.89,329,-2.08,197,-11.26
2026-04-03,Rolling 3 Months,2026-01-01,2026-03-31,City,"Tinley Park, IL",153,-1.29,327000,0.62,49,-1200,231,3.59,351,-4.1,221,0.45
2026-04-03,Rolling 3 Months,2026-01-01,2026-03-31,City,"Plainfield, IL",158,12.86,479995,0,94,2300,224,6.16,392,12.32,209,13.59
2026-04-03,Rolling 3 Months,2026-01-01,2026-03-31,City,"Oak Brook, IL",16,0,965000,-41.56,79,-1950,28,-28.21,45,-28.57,20,-9.09
2026-04-03,Rolling 3 Months,2026-01-01,2026-03-31,City,"Lake Villa, IL",16,33.33,422450,-0.01,37,-5600,25,31.58,32,3.23,24,0
2026-04-03,Rolling 3 Months,2026-01-01,2026-03-31,City,"Schaumburg, IL",167,-8.74,302000,-3.82,53,-750,239,8.14,350,-0.85,236,7.27
2026-04-03,Rolling 3 Months,2026-01-01,2026-03-31,City,"Jerseyville, IL",17,-43.33,149000,11.36,110,7400,23,-28.13,53,0,28,-26.32
2026-04-03,Rolling 3 Months,2026-01-01,2026-03-31,City,"Lake Barrington, IL",18,-10,445000,7.88,78,500,28,-12.5,43,-4.44,24,-14.29
2026-04-03,Rolling 3 Months,2026-01-01,2026-03-31,City,"East Alton, IL",18,12.5,90000,4.65,50,1400,22,22.22,41,64,28,33.33
2026-04-03,Rolling 3 Months,2026-01-01,2026-03-31,City,"Wood River, IL",18,-52.63,144667,26.62,32,-300,29,-32.56,43,-27.12,29,-35.56
2026-04-03,Rolling 3 Months,2026-01-01,2026-03-31,City,"Rochelle, IL",18,-10,166500,-9.24,46,700,22,22.22,32,0,23,9.52
2026-04-03,Rolling 3 Months,2026-01-01,2026-03-31,City,"Bloomington, IL",186,11.38,252500,16.09,56,950,243,-3.19,381,8.55,250,6.38
2026-04-03,Rolling 3 Months,2026-01-01,2026-03-31,City,"Johnsburg, IL",19,-5,399000,1.66,54,650,35,0,52,6.12,28,-9.68
2026-04-03,Rolling 3 Months,2026-01-01,2026-03-31,City,"Round Lake Park, IL",19,-20.83,220000,31.74,66,500,31,34.78,55,22.22,34,3.03
2026-04-03,Rolling 3 Months,2026-01-01,2026-03-31,City,"Elgin, IL",191,-15.86,315000,-3.08,60,-400,312,6.85,470,-8.56,297,-3.26
2026-04-03,Rolling 3 Months,2026-01-01,2026-03-31,City,"Decatur, IL",191,-2.05,100500,-6.94,35,500,239,-0.42,426,13.6,253,-2.69
2026-04-03,Rolling 3 Months,2026-01-01,2026-03-31,City,"Marengo, IL",20,-37.5,328975,17.28,50,-1000,25,-32.43,43,-36.76,24,-42.86
2026-04-03,Rolling 3 Months,2026-01-01,2026-03-31,City,"West Dundee, IL",20,42.86,392245,9.72,69,300,27,68.75,44,76,32,77.78
2026-04-03,Rolling 3 Months,2026-01-01,2026-03-31,City,"Harrisburg, IL",21,16.67,90000,25.17,66,-3400,23,21.05,55,41.03,30,36.36
2026-04-03,Rolling 3 Months,2026-01-01,2026-03-31,City,"Sauk Village, IL",21,-38.24,135000,-3.57,64,1450,23,-36.11,66,-7.04,29,-9.38
2026-04-03,Rolling 3 Months,2026-01-01,2026-03-31,City,"Goodings Grove, IL",21,-50,447000,-3.34,67,700,37,-28.85,63,-24.1,37,-24.49
2026-04-03,Rolling 3 Months,2026-01-01,2026-03-31,City,"Mahomet, IL",21,-8.7,389900,-7.17,71,-800,51,18.6,81,24.62,31,-6.06
2026-04-03,Rolling 3 Months,2026-01-01,2026-03-31,City,"Glenwood, IL",22,37.5,189250,-22.28,99,4500,46,31.43,85,30.77,33,26.92
2026-04-03,Rolling 3 Months,2026-01-01,2026-03-31,City,"Monticello, IL",22,4.76,207950,-7.58,54,250,23,21.05,46,31.43,28,16.67
2026-04-03,Rolling 3 Months,2026-01-01,2026-03-31,City,"Lincolnshire, IL",22,22.22,656000,13.59,66,-200,35,-16.67,55,0,27,-10
2026-04-03,Rolling 3 Months,2026-01-01,2026-03-31,City,"Campton Hills, IL",22,4.76,741000,-7.37,56,1250,34,-5.56,49,-14.04,32,3.23
2026-04-03,Rolling 3 Months,2026-01-01,2026-03-31,City,"South Beloit, IL",22,22.22,249500,34.86,16,-850,29,61.11,38,15.15,27,28.57
2026-04-03,Rolling 3 Months,2026-01-01,2026-03-31,City,"Blue Island, IL",23,-20.69,176000,0.57,113,-400,40,29.03,81,12.5,32,-21.95
2026-04-03,Rolling 3 Months,2026-01-01,2026-03-31,City,"Broadview, IL",23,43.75,297500,4.94,67,-2150,20,81.82,38,40.74,26,44.44
2026-04-03,Rolling 3 Months,2026-01-01,2026-03-31,City,"Beach Park, IL",23,-4.17,320000,19.63,59,-200,25,-10.71,42,-19.23,31,-3.13
2026-04-03,Rolling 3 Months,2026-01-01,2026-03-31,City,"Mascoutah, IL",24,-17.24,270000,0,51,1050,40,73.91,58,26.09,33,-2.94
2026-04-03,Rolling 3 Months,2026-01-01,2026-03-31,City,"Steger, IL",24,0,168750,0.75,82,1100,39,50,77,28.33,39,39.29
2026-04-03,Rolling 3 Months,2026-01-01,2026-03-31,City,"Hickory Hills, IL",25,0,350000,14.75,46,-2000,48,14.29,67,3.08,35,0
2026-04-03,Rolling 3 Months,2026-01-01,2026-03-31,City,"Rockton, IL",25,31.58,270000,8,7,-100,28,3.7,33,0,27,0
2026-04-03,Rolling 3 Months,2026-01-01,2026-03-31,City,"Franklin Park, IL",25,8.7,360000,14.29,59,250,34,6.25,55,1.85,34,-10.53
2026-04-03,Rolling 3 Months,2026-01-01,2026-03-31,City,"Norridge, IL",25,-30.56,410000,13.34,55,1250,29,-30.95,48,-21.31,35,-10.26
2026-04-03,Rolling 3 Months,2026-01-01,2026-03-31,City,"Chicago Ridge, IL",26,23.81,249200,8.35,69,1850,37,8.82,71,20.34,44,51.72
2026-04-03,Rolling 3 Months,2026-01-01,2026-03-31,City,"Winnetka, IL",26,-21.21,1915000,24.35,32,-2900,53,-11.67,67,-20.24,49,0
2026-04-03,Rolling 3 Months,2026-01-01,2026-03-31,City,"Willowbrook, IL",26,-3.7,337500,12.88,70,600,38,15.15,60,9.09,38,0
2026-04-03,Rolling 3 Months,2026-01-01,2026-03-31,City,"Taylorville, IL",27,-15.63,144500,43.78,42,-850,38,15.15,68,15.25,31,14.81
2026-04-03,Rolling 3 Months,2026-01-01,2026-03-31,City,"Wauconda, IL",27,28.57,307250,-14.65,42,-2200,60,76.47,77,42.59,46,31.43
2026-04-03,Rolling 3 Months,2026-01-01,2026-03-31,City,"Worth, IL",27,8,295000,25.53,67,200,38,15.15,63,1.61,40,33.33
2026-04-03,Rolling 3 Months,2026-01-01,2026-03-31,City,"Centralia, IL",27,35,102350,-3.71,65,-3250,34,17.24,78,44.44,34,47.83
2026-04-03,Rolling 3 Months,2026-01-01,2026-03-31,City,"Naperville, IL",274,-0.36,583250,-0.3,49,0,466,7.62,656,4.96,406,-1.22
2026-04-03,Rolling 3 Months,2026-01-01,2026-03-31,City,"Waterloo, IL",28,16.67,352500,-9.92,41,-4600,39,25.81,76,31.03,34,0
2026-04-03,Rolling 3 Months,2026-01-01,2026-03-31,City,"Gages Lake, IL",28,12,337500,14.41,51,-1150,27,-20.59,49,-10.91,34,-10.53
2026-04-03,Rolling 3 Months,2026-01-01,2026-03-31,City,"Springfield, IL",285,-1.04,179950,9.56,15,-300,327,2.19,464,-4.92,309,-5.21
2026-04-03,Rolling 3 Months,2026-01-01,2026-03-31,City,"Effingham, IL",29,81.25,210000,9.76,41,-350,32,6.67,61,12.96,38,26.67
2026-04-03,Rolling 3 Months,2026-01-01,2026-03-31,City,"La Grange, IL",29,-21.62,650000,49.43,53,900,53,-1.85,72,0,47,6.82
2026-04-03,Rolling 3 Months,2026-01-01,2026-03-31,City,"Crestwood, IL",29,-35.56,180000,-2.44,50,-700,46,-13.21,66,-22.35,37,-32.73
2026-04-03,Rolling 3 Months,2026-01-01,2026-03-31,City,"Justice, IL",29,70.59,319000,4.59,63,-2150,20,-20,46,-6.12,33,22.22
2026-04-03,Rolling 3 Months,2026-01-01,2026-03-31,City,"Aurora, IL",295,-1.01,320000,1.99,49,200,526,28.29,776,22.01,474,18.8
2026-04-03,Rolling 3 Months,2026-01-01,2026-03-31,City,"Chatham, IL",30,-18.92,320750,10.6,25,1850,37,-30.19,55,-20.29,32,-41.82
2026-04-03,Rolling 3 Months,2026-01-01,2026-03-31,City,"Villa Park, IL",30,-14.29,372500,4.93,60,500,45,0,66,-5.71,53,15.22
2026-04-03,Rolling 3 Months,2026-01-01,2026-03-31,City,"Macomb, IL",30,-9.09,85000,-22.73,80,600,48,-20,100,-9.09,42,-25
2026-04-03,Rolling 3 Months,2026-01-01,2026-03-31,City,"Marion, IL",31,-47.46,158000,8.22,88,2500,54,-33.33,107,-27.21,59,-1.67
2026-04-03,Rolling 3 Months,2026-01-01,2026-03-31,City,"Homer Glen, IL",31,-50,470000,-8.29,67,-250,50,-34.21,87,-33.59,47,-31.88
2026-04-03,Rolling 3 Months,2026-01-01,2026-03-31,City,"Wood Dale, IL",31,29.17,338000,16.55,71,1100,35,0,65,16.07,38,5.56
2026-04-03,Rolling 3 Months,2026-01-01,2026-03-31,City,"Mount Vernon, IL",31,-13.89,174000,40.89,50,300,47,23.68,94,22.08,45,9.76
2026-04-03,Rolling 3 Months,2026-01-01,2026-03-31,City,"Bradley, IL",31,-24.39,226000,9.98,41,-1200,40,-33.33,72,-25.77,45,-21.05
2026-04-03,Rolling 3 Months,2026-01-01,2026-03-31,City,"Dixon, IL",31,29.17,168000,29.11,48,350,48,17.07,80,26.98,40,17.65
2026-04-03,Rolling 3 Months,2026-01-01,2026-03-31,City,"Rockford, IL",312,-20.81,167750,9.64,21,300,443,-3.06,626,-2.8,415,-5.47
2026-04-03,Rolling 3 Months,2026-01-01,2026-03-31,City,"Roselle, IL",32,-31.91,383500,9.57,43,-500,45,-13.46,68,-17.07,42,-22.22
2026-04-03,Rolling 3 Months,2026-01-01,2026-03-31,City,"Frankfort, IL",32,-38.46,557500,-9.46,55,-1650,87,35.94,122,0.83,62,-3.13
2026-04-03,Rolling 3 Months,2026-01-01,2026-03-31,City,"Plano, IL",32,-13.51,269950,-9.72,51,-300,40,29.03,63,16.67,45,15.38
2026-04-03,Rolling 3 Months,2026-01-01,2026-03-31,City,"The Galena Territory, IL",33,50,292500,-1.02,118,6300,59,63.89,99,12.5,42,10.53
2026-04-03,Rolling 3 Months,2026-01-01,2026-03-31,City,"Streator, IL",33,-10.81,135000,22.73,95,1700,48,33.33,93,9.41,52,23.81
2026-04-03,Rolling 3 Months,2026-01-01,2026-03-31,City,"Minooka, IL",33,50,379000,13.73,73,1750,49,32.43,87,52.63,53,43.24
2026-04-03,Rolling 3 Months,2026-01-01,2026-03-31,City,"Palos Heights, IL",33,3.13,328500,-11.22,54,-3150,58,20.83,84,-8.7,50,0
2026-04-03,Rolling 3 Months,2026-01-01,2026-03-31,City,"Lemont, IL",33,-5.71,535000,24.42,68,400,45,-16.67,81,-6.9,50,-10.71
2026-04-03,Rolling 3 Months,2026-01-01,2026-03-31,City,"Harvey, IL",33,-19.51,115000,-14.81,83,-2300,57,-10.94,140,-6.67,50,-19.35
2026-04-03,Rolling 3 Months,2026-01-01,2026-03-31,City,"Herrin, IL",33,-5.71,115000,13.3,82,300,56,3.7,116,18.37,64,30.61
2026-04-03,Rolling 3 Months,2026-01-01,2026-03-31,City,"Mattoon, IL",34,-5.56,127500,-1.92,95,5850,35,-23.91,76,1.33,50,2.04
2026-04-03,Rolling 3 Months,2026-01-01,2026-03-31,City,"Shiloh, IL",34,-5.56,366500,3.24,51,-150,50,8.7,76,-1.3,41,-12.77
2026-04-03,Rolling 3 Months,2026-01-01,2026-03-31,City,"Libertyville, IL",34,-19.05,590000,7.58,59,500,59,-22.37,87,-23.01,55,-20.29
2026-04-03,Rolling 3 Months,2026-01-01,2026-03-31,City,"Manhattan, IL",34,-5.56,381000,11.24,75,1000,60,22.45,94,6.82,51,15.91
2026-04-03,Rolling 3 Months,2026-01-01,2026-03-31,City,"Charleston, IL",34,3.03,165000,40.13,31,500,42,7.69,68,3.03,41,-2.38
2026-04-03,Rolling 3 Months,2026-01-01,2026-03-31,City,"Joliet, IL",340,14.09,315000,6.33,75,1900,510,35.28,857,31.44,492,27.46
2026-04-03,Rolling 3 Months,2026-01-01,2026-03-31,City,"Peoria, IL",348,4.5,145900,8.88,36,400,390,-10.76,691,-1.14,437,-2.89
2026-04-03,Rolling 3 Months,2026-01-01,2026-03-31,City,"Round Lake, IL",35,2.94,310000,16.98,55,-3400,59,73.53,87,22.54,54,8
2026-04-03,Rolling 3 Months,2026-01-01,2026-03-31,City,"Maryville, IL",35,84.21,345000,-3.5,35,-750,28,33.33,49,25.64,41,78.26
2026-04-03,Rolling 3 Months,2026-01-01,2026-03-31,City,"Barrington, IL",36,-18.18,575000,34.9,76,-2500,58,9.43,87,-10.31,47,-14.55
2026-04-03,Rolling 3 Months,2026-01-01,2026-03-31,City,"River Forest, IL",36,24.14,432562,-27.3,69,-50,45,-10,76,2.7,53,20.45
2026-04-03,Rolling 3 Months,2026-01-01,2026-03-31,City,"Morris, IL",36,38.46,312500,34.41,51,1450,38,11.76,71,20.34,42,13.51
2026-04-03,Rolling 3 Months,2026-01-01,2026-03-31,City,"Alsip, IL",37,-15.91,259900,3.96,62,550,47,-22.95,85,-14.14,50,-16.67
2026-04-03,Rolling 3 Months,2026-01-01,2026-03-31,City,"Bourbonnais, IL",37,15.63,310000,27.31,52,100,53,-8.62,86,-3.37,46,6.98
2026-04-03,Rolling 3 Months,2026-01-01,2026-03-31,City,"Westmont, IL",37,-40.32,400000,14.29,55,-1500,63,34.04,93,2.2,57,-1.72
2026-04-03,Rolling 3 Months,2026-01-01,2026-03-31,City,"Markham, IL",38,15.15,159750,-0.16,77,150,65,-2.99,131,11.97,63,36.96
2026-04-03,Rolling 3 Months,2026-01-01,2026-03-31,City,"Prospect Heights, IL",38,22.58,361500,16.61,66,1100,54,17.39,85,30.77,60,27.66
2026-04-03,Rolling 3 Months,2026-01-01,2026-03-31,City,"Evergreen Park, IL",38,-5,317500,20.95,64,-50,50,-18.03,92,-11.54,56,12
2026-04-03,Rolling 3 Months,2026-01-01,2026-03-31,City,"Lake Zurich, IL",39,39.29,490000,18.64,46,200,68,41.67,94,36.23,68,47.83
2026-04-03,Rolling 3 Months,2026-01-01,2026-03-31,City,"Sterling, IL",39,8.33,101000,-13.3,65,1750,42,-12.5,67,-21.18,44,-16.98
2026-04-03,Rolling 3 Months,2026-01-01,2026-03-31,City,"Mokena, IL",39,-11.36,440000,2.56,70,1450,64,0,98,2.08,62,-8.82
2026-04-03,Rolling 3 Months,2026-01-01,2026-03-31,City,"Canton, IL",39,8.33,122500,47.59,69,3550,57,7.55,97,19.75,55,19.57
2026-04-03,Rolling 3 Months,2026-01-01,2026-03-31,City,"Dolton, IL",39,-23.53,133000,-11.33,97,2200,78,-16.13,200,1.52,70,-14.63
2026-04-03,Rolling 3 Months,2026-01-01,2026-03-31,City,"Wonder Lake, IL",39,-30.36,314990,5,104,-2350,64,23.08,137,3.79,52,-25.71
2026-04-03,Rolling 3 Months,2026-01-01,2026-03-31,City,"Cary, IL",39,-13.33,347000,11.22,56,400,51,-13.56,79,-8.14,49,-9.26
2026-04-03,Rolling 3 Months,2026-01-01,2026-03-31,City,"Shorewood, IL",40,0,396250,9.31,58,-2350,57,3.64,93,1.09,56,-24.32
2026-04-03,Rolling 3 Months,2026-01-01,2026-03-31,City,"Warrenville, IL",40,17.65,348750,-1.76,54,1650,55,12.24,81,17.39,45,7.14
2026-04-03,Rolling 3 Months,2026-01-01,2026-03-31,City,"Matteson, IL",40,-9.09,294950,19.9,109,2900,65,12.07,143,22.22,65,6.56
2026-04-03,Rolling 3 Months,2026-01-01,2026-03-31,City,"Montgomery, IL",40,29.03,390000,23.03,51,0,60,27.66,93,27.4,47,9.3
2026-04-03,Rolling 3 Months,2026-01-01,2026-03-31,City,"Westchester, IL",41,2.5,390000,20.93,55,-350,55,1.85,90,3.45,58,26.09
2026-04-03,Rolling 3 Months,2026-01-01,2026-03-31,City,"Bloomingdale, IL",41,-6.82,368000,4.4,71,2000,61,-10.29,94,-7.84,65,3.17
2026-04-03,Rolling 3 Months,2026-01-01,2026-03-31,City,"Maywood, IL",41,-16.33,310000,24,70,-2200,62,6.9,128,2.4,58,-15.94
2026-04-03,Rolling 3 Months,2026-01-01,2026-03-31,City,"Hazel Crest, IL",42,5,187000,7.78,66,-2450,69,-13.75,150,-2.6,58,-13.43
2026-04-03,Rolling 3 Months,2026-01-01,2026-03-31,City,"Country Club Hills, IL",42,-36.36,201000,4.69,82,-250,92,29.58,174,2.96,66,-29.03
2026-04-03,Rolling 3 Months,2026-01-01,2026-03-31,City,"Lisle, IL",42,-12.5,432500,26.09,37,-2400,63,-16,89,-20.54,60,-11.76
2026-04-03,Rolling 3 Months,2026-01-01,2026-03-31,City,"Rolling Meadows, IL",43,-2.27,306500,-10.9,44,100,68,6.25,96,0,60,3.45
2026-04-03,Rolling 3 Months,2026-01-01,2026-03-31,City,"Palos Hills, IL",43,16.22,265000,-1.85,83,2600,64,-4.48,115,5.5,66,10
2026-04-03,Rolling 3 Months,2026-01-01,2026-03-31,City,"Darien, IL",43,-23.21,430000,4.62,57,750,71,0,98,-1.01,70,-7.89
2026-04-03,Rolling 3 Months,2026-01-01,2026-03-31,City,"Fairview Heights, IL",44,-22.81,205000,-8.75,38,100,56,-5.08,119,33.71,63,0
2026-04-03,Rolling 3 Months,2026-01-01,2026-03-31,City,"Crest Hill, IL",44,-20,260500,5.47,79,1400,50,-15.25,90,-5.26,57,-10.94
2026-04-03,Rolling 3 Months,2026-01-01,2026-03-31,City,"Ottawa, IL",45,-19.64,240000,33.33,56,1300,77,-7.23,148,12.12,66,-20.48
2026-04-03,Rolling 3 Months,2026-01-01,2026-03-31,City,"Carol Stream, IL",46,-37.84,370000,5.71,49,800,94,0,138,0,82,-18
2026-04-03,Rolling 3 Months,2026-01-01,2026-03-31,City,"Fox Lake, IL",46,-4.17,216500,-14.09,65,550,58,-3.33,99,-9.17,50,-18.03
2026-04-03,Rolling 3 Months,2026-01-01,2026-03-31,City,"Chicago, IL",4601,-9.34,390000,5.41,62,-400,7675,-6.55,12559,-9.38,7069,0.11
2026-04-03,Rolling 3 Months,2026-01-01,2026-03-31,City,"Park Forest, IL",47,-20.34,158000,6.43,100,550,94,-25.4,212,-15.87,91,-11.65
2026-04-03,Rolling 3 Months,2026-01-01,2026-03-31,City,"Homewood, IL",48,-12.73,225500,-9.8,76,-1150,84,18.31,180,31.39,88,-1.12
2026-04-03,Rolling 3 Months,2026-01-01,2026-03-31,City,"Grayslake, IL",48,4.35,339950,-6.22,50,250,84,35.48,116,23.4,67,15.52
2026-04-03,Rolling 3 Months,2026-01-01,2026-03-31,City,"Jacksonville, IL",49,48.48,141900,26.7,38,-400,48,4.35,75,8.7,51,50
2026-04-03,Rolling 3 Months,2026-01-01,2026-03-31,City,"Belvidere, IL",49,-12.5,256000,25.49,17,-800,66,13.79,101,16.09,74,5.71
2026-04-03,Rolling 3 Months,2026-01-01,2026-03-31,City,"Deerfield, IL",49,22.5,782500,11.79,50,-650,83,69.39,110,39.24,75,70.45
2026-04-03,Rolling 3 Months,2026-01-01,2026-03-31,City,"Addison, IL",49,22.5,380500,9.42,49,-550,74,0,114,9.62,76,20.63
2026-04-03,Rolling 3 Months,2026-01-01,2026-03-31,City,"Kenilworth, IL",5,-37.5,2350000,30.37,20,-2400,20,0,25,0,13,-7.14
2026-04-03,Rolling 3 Months,2026-01-01,2026-03-31,City,"Forest Park, IL",51,34.21,310000,4.64,45,-2000,65,0,97,-8.49,56,-13.85
2026-04-03,Rolling 3 Months,2026-01-01,2026-03-31,City,"Galesburg, IL",51,-34.62,107000,13.23,59,900,77,-8.33,128,-9.86,77,-12.5
2026-04-03,Rolling 3 Months,2026-01-01,2026-03-31,City,"Godfrey, IL",52,1.96,220875,7.74,55,1550,50,19.05,90,25,59,3.51
2026-04-03,Rolling 3 Months,2026-01-01,2026-03-31,City,"Hampshire, IL",52,-16.13,366990,-0.53,83,-4200,70,45.83,116,16,73,30.36
2026-04-03,Rolling 3 Months,2026-01-01,2026-03-31,City,"Carpentersville, IL",53,-11.67,280000,3.42,55,700,70,-10.26,107,-8.55,74,-8.64
2026-04-03,Rolling 3 Months,2026-01-01,2026-03-31,City,"Lake Forest, IL",53,26.19,1280000,11.06,66,400,91,3.41,138,-6.76,79,2.6
2026-04-03,Rolling 3 Months,2026-01-01,2026-03-31,City,"Morton Grove, IL",54,-3.57,452500,18.77,52,-1050,78,18.18,132,10,87,42.62
2026-04-03,Rolling 3 Months,2026-01-01,2026-03-31,City,"Danville, IL",54,8,87500,-5.15,34,-2000,67,-6.94,117,0.86,70,1.45
2026-04-03,Rolling 3 Months,2026-01-01,2026-03-31,City,"Machesney Park, IL",54,5.88,225000,15.58,15,-800,47,-4.08,70,0,49,-12.5
2026-04-03,Rolling 3 Months,2026-01-01,2026-03-31,City,"Zion, IL",54,8,250750,-2.05,65,1100,72,9.09,121,5.22,77,20.31
2026-04-03,Rolling 3 Months,2026-01-01,2026-03-31,City,"Lincoln, IL",55,1.85,123000,16.59,15,550,53,-25.35,80,-17.53,51,-15
2026-04-03,Rolling 3 Months,2026-01-01,2026-03-31,City,"Kankakee, IL",57,-16.18,135000,-10.89,89,3450,85,7.59,160,3.9,79,-3.66
2026-04-03,Rolling 3 Months,2026-01-01,2026-03-31,City,"Pingree Grove, IL",57,-19.72,389990,13.53,84,3100,69,1.47,129,-11.64,70,-16.67
2026-04-03,Rolling 3 Months,2026-01-01,2026-03-31,City,"Lake in the Hills, IL",57,-8.06,365000,11.62,52,-1100,75,-11.76,125,0,79,-11.24
2026-04-03,Rolling 3 Months,2026-01-01,2026-03-31,City,"Elmwood Park, IL",57,0,360000,24.14,66,700,91,2.25,151,0.67,81,-5.81
2026-04-03,Rolling 3 Months,2026-01-01,2026-03-31,City,"Cahokia Heights, IL",58,-6.45,104667,23.62,33,-500,111,98.21,180,85.57,71,12.7
2026-04-03,Rolling 3 Months,2026-01-01,2026-03-31,City,"South Holland, IL",58,-12.12,229000,-0.65,100,1200,90,-4.26,215,6.44,88,-10.2
2026-04-03,Rolling 3 Months,2026-01-01,2026-03-31,City,"DeKalb, IL",58,-6.45,249000,4.51,53,500,75,10.29,123,11.82,80,12.68
2026-04-03,Rolling 3 Months,2026-01-01,2026-03-31,City,"Glendale Heights, IL",58,0,287500,2.22,60,50,81,9.46,129,14.16,84,16.67
2026-04-03,Rolling 3 Months,2026-01-01,2026-03-31,City,"Wilmette, IL",59,-28.05,950000,-4.76,36,-650,106,-10.92,135,-18.67,104,-6.31
2026-04-03,Rolling 3 Months,2026-01-01,2026-03-31,City,"Freeport, IL",60,-23.08,104900,24.88,36,-2350,95,2.15,149,-57.06,76,-27.62
2026-04-03,Rolling 3 Months,2026-01-01,2026-03-31,City,"Hanover Park, IL",60,-4.76,344000,18.62,42,-100,100,23.46,139,25.23,99,32
2026-04-03,Rolling 3 Months,2026-01-01,2026-03-31,City,"Lansing, IL",60,-23.08,196000,0.51,82,-850,91,-6.19,208,-9.57,96,-5.88
2026-04-03,Rolling 3 Months,2026-01-01,2026-03-31,City,"Collinsville, IL",61,-4.69,180000,3.15,36,350,64,-4.48,103,-3.74,75,-1.32
2026-04-03,Rolling 3 Months,2026-01-01,2026-03-31,City,"Glen Ellyn, IL",61,-32.22,525000,-0.38,43,-650,103,-8.85,142,-10.69,97,-8.49
2026-04-03,Rolling 3 Months,2026-01-01,2026-03-31,City,"Sycamore, IL",61,-18.67,305000,7.02,60,-300,96,24.68,149,7.19,96,11.63
2026-04-03,Rolling 3 Months,2026-01-01,2026-03-31,City,"Vernon Hills, IL",61,35.56,479000,23.77,56,800,79,-2.47,128,17.43,85,26.87
2026-04-03,Rolling 3 Months,2026-01-01,2026-03-31,City,"Oak Forest, IL",62,-1.59,265000,0,55,-850,87,2.35,144,4.35,83,-7.78
2026-04-03,Rolling 3 Months,2026-01-01,2026-03-31,City,"Round Lake Beach, IL",62,19.23,265000,20.45,56,400,89,21.92,131,24.76,87,8.75
2026-04-03,Rolling 3 Months,2026-01-01,2026-03-31,City,"North Aurora, IL",63,57.5,365000,-5.68,44,-1250,77,40,112,21.74,80,48.15
2026-04-03,Rolling 3 Months,2026-01-01,2026-03-31,City,"Geneva, IL",63,26,450000,6.51,58,1250,84,16.67,118,12.38,88,49.15
2026-04-03,Rolling 3 Months,2026-01-01,2026-03-31,City,"Lockport, IL",63,-14.86,354900,-1.07,72,1300,102,20,170,10.39,100,7.53
2026-04-03,Rolling 3 Months,2026-01-01,2026-03-31,City,"Niles, IL",64,10.34,365000,5.8,54,200,85,10.39,135,7.14,84,31.25
2026-04-03,Rolling 3 Months,2026-01-01,2026-03-31,City,"Loves Park, IL",64,-7.25,195000,-2.99,9,-250,86,32.31,116,28.89,82,15.49
2026-04-03,Rolling 3 Months,2026-01-01,2026-03-31,City,"Edwardsville, IL",65,-7.14,280000,5.68,37,150,67,-14.1,110,-12.7,78,-13.33
2026-04-03,Rolling 3 Months,2026-01-01,2026-03-31,City,"Cicero, IL",66,13.79,289950,-4.15,69,-1050,87,2.35,171,-7.57,87,-13.86
2026-04-03,Rolling 3 Months,2026-01-01,2026-03-31,City,"Gurnee, IL",66,-7.04,370500,17.62,64,700,100,4.17,148,-2.63,101,21.69
2026-04-03,Rolling 3 Months,2026-01-01,2026-03-31,City,"Wheeling, IL",67,3.08,302100,3.99,65,2000,100,1.01,153,2.68,98,7.69
2026-04-03,Rolling 3 Months,2026-01-01,2026-03-31,City,"Calumet City, IL",68,-6.85,180500,1.12,109,-350,135,-6.25,300,-0.66,118,5.36
2026-04-03,Rolling 3 Months,2026-01-01,2026-03-31,City,"Woodstock, IL",70,25,316000,0.48,75,2050,83,6.41,149,27.35,98,19.51
2026-04-03,Rolling 3 Months,2026-01-01,2026-03-31,City,"Park Ridge, IL",72,-17.24,585000,6.36,62,350,118,-18.06,181,-12.98,107,-7.76
2026-04-03,Rolling 3 Months,2026-01-01,2026-03-31,City,"Romeoville, IL",72,-11.11,296250,3.95,50,-700,97,0,164,8.61,105,-4.55
2026-04-03,Rolling 3 Months,2026-01-01,2026-03-31,City,"Elk Grove Village, IL",72,-12.2,367500,3.09,60,1200,83,-13.54,138,1.47,96,0
2026-04-03,Rolling 3 Months,2026-01-01,2026-03-31,City,"Woodridge, IL",73,5.8,435000,17.57,69,800,104,15.56,159,9.66,107,12.63
2026-04-03,Rolling 3 Months,2026-01-01,2026-03-31,City,"Berwyn, IL",73,-3.95,350000,-2.78,71,-1100,103,28.75,203,14.69,115,29.21
2026-04-03,Rolling 3 Months,2026-01-01,2026-03-31,City,"Carbondale, IL",73,102.78,30000,-74.3,101,2500,68,78.95,169,69,111,170.73
2026-04-03,Rolling 3 Months,2026-01-01,2026-03-31,City,"Clayton, IL",76,-9.52,651500,-2.94,44,-650,141,-5.37,197,-1.99,125,16.82
2026-04-03,Rolling 3 Months,2026-01-01,2026-03-31,City,"St. Charles, IL",76,-14.61,438250,10.95,53,-2200,109,-6.84,165,-13.16,92,-26.4
2026-04-03,Rolling 3 Months,2026-01-01,2026-03-31,City,"Mundelein, IL",76,13.43,392000,-0.76,60,600,101,2.02,148,-9.2,101,6.32
2026-04-03,Rolling 3 Months,2026-01-01,2026-03-31,City,"Northbrook, IL",76,-9.52,651500,-2.94,44,-650,141,-5.37,197,-1.99,125,16.82
2026-04-03,Rolling 3 Months,2026-01-01,2026-03-31,City,"Highland Park, IL",77,-23,763000,-0.84,37,-2650,139,25.23,189,-1.56,127,17.59
2026-04-03,Rolling 3 Months,2026-01-01,2026-03-31,City,"Bartlett, IL",78,-16.13,400000,0,74,1050,134,11.67,203,-0.98,119,-7.75
2026-04-03,Rolling 3 Months,2026-01-01,2026-03-31,City,"North Chicago, IL",8,-71.43,251500,23.59,76,900,31,-22.5,49,-22.22,23,-37.84
2026-04-03,Rolling 3 Months,2026-01-01,2026-03-31,City,"Urbana, IL",80,17.65,211000,-4.09,61,650,123,38.2,201,35.81,113,28.41
2026-04-03,Rolling 3 Months,2026-01-01,2026-03-31,City,"Wheaton, IL",80,-12.09,422500,1.08,41,-550,147,-2,191,-4.5,141,-4.73
2026-04-03,Rolling 3 Months,2026-01-01,2026-03-31,City,"Alton, IL",80,5.26,125000,4.6,51,-400,83,-10.75,166,9.21,100,-0.99
2026-04-03,Rolling 3 Months,2026-01-01,2026-03-31,City,"O'Fallon, IL",82,3.8,335000,3.4,45,400,158,58,217,39.1,142,46.39
2026-04-03,Rolling 3 Months,2026-01-01,2026-03-31,City,"Rock Island, IL",82,20.59,124200,-0.44,49,-500,130,19.27,225,13.07,133,51.14
2026-04-03,Rolling 3 Months,2026-01-01,2026-03-31,City,"Crystal Lake, IL",83,-9.78,345000,4.86,48,-1100,143,16.26,207,6.15,132,13.79
2026-04-03,Rolling 3 Months,2026-01-01,2026-03-31,City,"Granite City, IL",86,-11.34,110000,-2.65,47,-1400,97,-10.19,175,-10.71,110,-9.09
2026-04-03,Rolling 3 Months,2026-01-01,2026-03-31,City,"Yorkville, IL",86,-25.86,335895,0.72,86,2450,128,14.29,229,15.08,122,0.83
2026-04-03,Rolling 3 Months,2026-01-01,2026-03-31,City,"Buffalo Grove, IL",88,2.33,403000,11.17,53,1050,150,18.11,208,22.35,134,9.84
2026-04-03,Rolling 3 Months,2026-01-01,2026-03-31,City,"Elmhurst, IL",88,-9.28,710000,33.71,50,-400,169,6.29,242,3.86,153,11.68
2026-04-03,Rolling 3 Months,2026-01-01,2026-03-31,City,"Mount Prospect, IL",88,-19.27,417500,3.86,48,400,146,0.69,201,-4.74,121,-14.79
2026-04-03,Rolling 3 Months,2026-01-01,2026-03-31,City,"McHenry, IL",89,25.35,295000,1.72,57,-800,109,23.86,167,11.33,113,29.89
2026-04-03,Rolling 3 Months,2026-01-01,2026-03-31,City,"Stickney, IL",9,-25,280000,-4.76,83,1650,27,125,36,63.64,23,109.09
2026-04-03,Rolling 3 Months,2026-01-01,2026-03-31,City,"Savoy, IL",9,-67.86,370500,-9.81,44,-2100,29,16,39,-4.88,20,-25.93
2026-04-03,Rolling 3 Months,2026-01-01,2026-03-31,City,"Carterville, IL",9,-50,190000,-7.32,49,-4600,22,0,45,-2.17,23,27.78
2026-04-03,Rolling 3 Months,2026-01-01,2026-03-31,City,"Normal, IL",91,-4.21,260000,4,40,-600,150,20,196,11.36,137,8.73
2026-04-03,Rolling 3 Months,2026-01-01,2026-03-31,City,"Oswego, IL",92,10.84,379990,0,64,850,145,30.63,230,36.9,130,38.3
2026-04-03,Rolling 3 Months,2026-01-01,2026-03-31,City,"Glenview, IL",96,5.49,755000,24.79,37,-1900,125,-20.89,198,-12,123,-6.11
2026-04-03,Rolling 3 Months,2026-01-01,2026-03-31,City,"Waukegan, IL",96,-28.36,250000,3.84,57,-600,131,-3.68,219,-9.13,135,-11.76
2026-04-03,Rolling 3 Months,2026-01-01,2026-03-31,City,"Skokie, IL",99,-16.81,430000,1.18,51,-1300,166,2.47,248,-6.42,163,7.95
2026-04-03,Rolling 3 Months,2026-01-01,2026-03-31,City,"Moline, IL",99,-20.8,159900,8.11,22,-2800,138,30.19,225,14.8,156,17.29
2026-04-03,Rolling 3 Months,2026-01-01,2026-03-31,City,"Boody, IL",1,NA,52000,NA,28,NA,1,NA,4,NA,2,NA
2026-04-03,Rolling 3 Months,2026-01-01,2026-03-31,City,"Rio, IL",1,NA,229900,NA,42,NA,1,0,2,0,2,100
2026-04-03,Rolling 3 Months,2026-01-01,2026-03-31,City,"Brocton, IL",1,-50,57000,300,105,-5250,1,-50,2,-50,1,-75
2026-04-03,Rolling 3 Months,2026-01-01,2026-03-31,City,"Huey, IL",1,NA,100000,NA,12,NA,1,NA,1,NA,1,NA
2026-04-03,Rolling 3 Months,2026-01-01,2026-03-31,City,"Harding, IL",1,0,120000,-41.18,97,-1500,1,NA,2,100,NA,NA
2026-04-03,Rolling 3 Months,2026-01-01,2026-03-31,City,"Broadlands, IL",1,0,25000,-91.87,144,7500,1,-50,2,-33.33,1,-50
2026-04-03,Rolling 3 Months,2026-01-01,2026-03-31,City,"Mechanicsburg, IL",1,-80,147500,-70.49,0,-3200,1,0,2,-33.33,1,-50
2026-04-03,Rolling 3 Months,2026-01-01,2026-03-31,City,"Tampico, IL",1,-66.67,75900,-23.33,87,-3400,1,-50,2,-71.43,1,-66.67
2026-04-03,Rolling 3 Months,2026-01-01,2026-03-31,City,"Loraine, IL",1,0,47500,-13.64,102,1500,1,NA,3,50,1,0
2026-04-03,Rolling 3 Months,2026-01-01,2026-03-31,City,"Cordova, IL",1,0,95000,-52.48,11,-1800,1,-50,4,33.33,2,0
2026-04-03,Rolling 3 Months,2026-01-01,2026-03-31,City,"Benson, IL",1,-66.67,166500,80.98,9,-4600,1,-75,1,-83.33,1,-66.67
2026-04-03,Rolling 3 Months,2026-01-01,2026-03-31,City,"Buckingham, IL",1,0,282000,77.36,204,14400,1,NA,2,100,1,NA
2026-04-03,Rolling 3 Months,2026-01-01,2026-03-31,City,"Sadorus, IL",1,0,185900,118.71,194,17500,1,-50,2,0,1,-50
2026-04-03,Rolling 3 Months,2026-01-01,2026-03-31,City,"Schram City, IL",1,NA,55000,NA,0,NA,1,NA,1,NA,1,NA
2026-04-03,Rolling 3 Months,2026-01-01,2026-03-31,City,"Humboldt, IL",1,NA,125600,NA,169,NA,1,NA,3,NA,1,NA
2026-04-03,Rolling 3 Months,2026-01-01,2026-03-31,City,"Kane, IL",1,NA,32000,NA,9,NA,1,NA,1,0,1,NA
2026-04-03,Rolling 3 Months,2026-01-01,2026-03-31,City,"Kings, IL",1,NA,165000,NA,39,NA,1,NA,1,NA,1,NA
2026-04-03,Rolling 3 Months,2026-01-01,2026-03-31,City,"Sumner, IL",1,NA,66000,NA,35,NA,1,NA,2,NA,1,NA
2026-04-03,Rolling 3 Months,2026-01-01,2026-03-31,City,"La Rose, IL",1,NA,55000,NA,35,NA,1,NA,1,NA,NA,NA
2026-04-03,Rolling 3 Months,2026-01-01,2026-03-31,City,"Cameron, IL",1,0,7500,-94.34,212,15300,1,NA,2,100,2,100
2026-04-03,Rolling 3 Months,2026-01-01,2026-03-31,City,"West City, IL",1,NA,17500,NA,0,NA,1,0,2,0,NA,NA
2026-04-03,Rolling 3 Months,2026-01-01,2026-03-31,City,"Owaneco, IL",1,NA,80000,NA,16,NA,1,NA,1,0,NA,NA
2026-04-03,Rolling 3 Months,2026-01-01,2026-03-31,City,"Karnak, IL",1,0,82000,215.38,143,14300,1,-50,1,-50,NA,NA
2026-04-03,Rolling 3 Months,2026-01-01,2026-03-31,City,"New Milford, IL",1,0,365000,48.98,145,13700,1,0,2,100,2,100
2026-04-03,Rolling 3 Months,2026-01-01,2026-03-31,City,"Edgewood, IL",1,NA,127000,NA,21,NA,1,NA,1,-50,1,0
2026-04-03,Rolling 3 Months,2026-01-01,2026-03-31,City,"Seaton, IL",1,NA,75000,NA,83,NA,1,0,3,50,2,NA
2026-04-03,Rolling 3 Months,2026-01-01,2026-03-31,City,"St. Rose, IL",1,0,230000,39.39,91,NA,1,0,2,100,NA,NA
2026-04-03,Rolling 3 Months,2026-01-01,2026-03-31,City,"Dieterich, IL",1,NA,180000,NA,55,NA,1,NA,3,NA,NA,NA
2026-04-03,Rolling 3 Months,2026-01-01,2026-03-31,City,"Neoga, IL",1,-50,164200,32.69,59,2200,1,-50,2,-50,1,-50
2026-04-03,Rolling 3 Months,2026-01-01,2026-03-31,City,"Franklin, IL",1,0,80000,-27.27,32,-4200,1,-66.67,2,-60,1,0
2026-04-03,Rolling 3 Months,2026-01-01,2026-03-31,City,"Tonica, IL",1,-50,200000,241.88,57,1400,1,0,3,50,2,0
2026-04-03,Rolling 3 Months,2026-01-01,2026-03-31,City,"Watson, IL",1,0,111087,-38.32,32,3100,1,NA,1,-50,1,NA
2026-04-03,Rolling 3 Months,2026-01-01,2026-03-31,City,"Swedona, IL",1,NA,55000,NA,129,NA,1,0,2,100,1,NA
2026-04-03,Rolling 3 Months,2026-01-01,2026-03-31,City,"Argyle, IL",1,0,365000,82.59,4,-11200,1,NA,1,0,1,0
2026-04-03,Rolling 3 Months,2026-01-01,2026-03-31,City,"Dakota, IL",1,0,139900,-28.26,9,400,1,0,1,0,1,0
2026-04-03,Rolling 3 Months,2026-01-01,2026-03-31,City,"Buncombe, IL",1,NA,56300,NA,213,NA,1,NA,2,100,1,NA
2026-04-03,Rolling 3 Months,2026-01-01,2026-03-31,City,"Dowell, IL",1,NA,17000,NA,101,NA,1,0,3,50,NA,NA
2026-04-03,Rolling 3 Months,2026-01-01,2026-03-31,City,"East Gillespie, IL",1,-50,160000,62.03,0,-7350,1,0,1,-50,1,-50
2026-04-03,Rolling 3 Months,2026-01-01,2026-03-31,City,"Livingston, IL",1,-66.67,120500,-3.6,119,4800,1,0,3,-25,1,-66.67
2026-04-03,Rolling 3 Months,2026-01-01,2026-03-31,City,"Dana, IL",1,NA,156000,NA,84,NA,1,NA,2,NA,2,NA
2026-04-03,Rolling 3 Months,2026-01-01,2026-03-31,City,"Arenzville, IL",1,NA,169900,NA,18,NA,1,NA,1,NA,1,NA
2026-04-03,Rolling 3 Months,2026-01-01,2026-03-31,City,"Beckemeyer, IL",1,NA,182500,NA,0,NA,1,0,1,0,1,0
2026-04-03,Rolling 3 Months,2026-01-01,2026-03-31,City,"Donovan, IL",1,NA,160000,NA,55,NA,1,NA,2,NA,NA,NA
2026-04-03,Rolling 3 Months,2026-01-01,2026-03-31,City,"Teutopolis, IL",1,0,132500,-52.68,18,-15200,1,NA,1,-50,1,-50
2026-04-03,Rolling 3 Months,2026-01-01,2026-03-31,City,"Pittsburg, IL",1,NA,135000,NA,17,NA,1,NA,3,NA,1,NA
2026-04-03,Rolling 3 Months,2026-01-01,2026-03-31,City,"Ewing, IL",1,NA,206500,NA,130,NA,1,-66.67,3,0,NA,NA
2026-04-03,Rolling 3 Months,2026-01-01,2026-03-31,City,"Chapin, IL",1,NA,36000,NA,45,NA,1,NA,3,NA,1,NA
2026-04-03,Rolling 3 Months,2026-01-01,2026-03-31,City,"Evansville, IL",1,0,140000,100,109,-4300,1,NA,3,200,2,NA
2026-04-03,Rolling 3 Months,2026-01-01,2026-03-31,City,"Cullom, IL",1,-66.67,200000,227.87,108,7800,1,0,3,0,NA,NA
2026-04-03,Rolling 3 Months,2026-01-01,2026-03-31,City,"Lyndon, IL",1,NA,115000,NA,173,NA,1,0,3,50,2,100
2026-04-03,Rolling 3 Months,2026-01-01,2026-03-31,City,"Bedford Park, IL",1,NA,260000,NA,105,NA,1,NA,4,NA,3,NA
2026-04-03,Rolling 3 Months,2026-01-01,2026-03-31,City,"Kampsville, IL",1,-50,106500,79.9,1,-20100,1,NA,2,100,NA,NA
2026-04-03,Rolling 3 Months,2026-01-01,2026-03-31,City,"Rock City, IL",1,0,48000,-26.15,5,-26800,1,NA,1,NA,1,NA
2026-04-03,Rolling 3 Months,2026-01-01,2026-03-31,City,"Armington, IL",1,NA,38000,NA,39,NA,1,NA,2,NA,1,NA
2026-04-03,Rolling 3 Months,2026-01-01,2026-03-31,City,"Park City, IL",1,0,341000,13.67,147,14100,1,0,4,300,2,100
2026-04-03,Rolling 3 Months,2026-01-01,2026-03-31,City,"Mineral, IL",1,NA,60000,NA,28,NA,1,NA,1,0,1,NA
2026-04-03,Rolling 3 Months,2026-01-01,2026-03-31,City,"Ashkum, IL",1,-66.67,115000,-64.06,25,-6800,1,-80,4,-50,1,-50
2026-04-03,Rolling 3 Months,2026-01-01,2026-03-31,City,"Altona, IL",1,0,90000,221.43,73,5700,1,-50,1,-50,1,-50
2026-04-03,Rolling 3 Months,2026-01-01,2026-03-31,City,"St. Libory, IL",1,0,140000,-4.92,98,-6700,1,0,3,0,1,-50
2026-04-03,Rolling 3 Months,2026-01-01,2026-03-31,City,"Hudson, IL",1,-75,256000,-7.91,28,-2150,1,-66.67,4,-20,2,-33.33
2026-04-03,Rolling 3 Months,2026-01-01,2026-03-31,City,"Sherrard, IL",1,NA,45000,NA,56,NA,1,NA,2,NA,2,NA
2026-04-03,Rolling 3 Months,2026-01-01,2026-03-31,City,"New Haven, IL",1,NA,140000,NA,133,NA,1,NA,1,NA,NA,NA
2026-04-03,Rolling 3 Months,2026-01-01,2026-03-31,City,"Holcomb, IL",1,NA,164508,NA,52,NA,1,NA,2,NA,2,NA
2026-04-03,Rolling 3 Months,2026-01-01,2026-03-31,City,"South Wilmington, IL",1,-50,210000,25.37,130,9450,1,-50,2,-33.33,NA,NA
2026-04-03,Rolling 3 Months,2026-01-01,2026-03-31,City,"Lomax, IL",1,NA,55000,NA,80,NA,1,NA,3,NA,1,NA
2026-04-03,Rolling 3 Months,2026-01-01,2026-03-31,City,"Wellington, IL",1,NA,121500,NA,238,NA,1,NA,3,50,2,NA
2026-04-03,Rolling 3 Months,2026-01-01,2026-03-31,City,"Bull Valley, IL",1,-50,736000,4.4,8,-11650,1,-50,3,-50,NA,NA
2026-04-03,Rolling 3 Months,2026-01-01,2026-03-31,City,"Trenton, IL",10,150,192000,-20.82,82,-2250,1,-75,13,44.44,7,40
2026-04-03,Rolling 3 Months,2026-01-01,2026-03-31,City,"Newark, IL",2,100,307500,9.04,163,14200,1,-75,4,-33.33,2,-50
2026-04-03,Rolling 3 Months,2026-01-01,2026-03-31,City,"Martinton, IL",2,100,99994,108.32,84,-42550,1,0,3,50,2,0
2026-04-03,Rolling 3 Months,2026-01-01,2026-03-31,City,"Arcola, IL",2,100,38250,-79.32,66,1700,1,-50,5,25,1,0
2026-04-03,Rolling 3 Months,2026-01-01,2026-03-31,City,"Farina, IL",2,100,106000,-23.47,134,-11900,1,-50,3,0,1,-50
2026-04-03,Rolling 3 Months,2026-01-01,2026-03-31,City,"Mapleton, IL",2,0,172000,-35.94,96,1200,1,-66.67,2,-50,2,-50
2026-04-03,Rolling 3 Months,2026-01-01,2026-03-31,City,"Braceville, IL",2,100,263000,7.35,74,250,1,-75,3,-62.5,1,-50
2026-04-03,Rolling 3 Months,2026-01-01,2026-03-31,City,"Oakland, IL",2,0,151950,134.67,88,5050,1,-50,5,66.67,2,0
2026-04-03,Rolling 3 Months,2026-01-01,2026-03-31,City,"Valier, IL",2,100,122500,132.67,201,16250,1,0,5,0,3,NA
2026-04-03,Rolling 3 Months,2026-01-01,2026-03-31,City,"Clay City, IL",2,100,135750,5.23,142,2750,1,0,5,66.67,2,100
2026-04-03,Rolling 3 Months,2026-01-01,2026-03-31,City,"Alexander, IL",2,NA,106000,NA,64,NA,1,0,3,200,2,NA
2026-04-03,Rolling 3 Months,2026-01-01,2026-03-31,City,"Viola, IL",2,NA,171000,NA,245,NA,1,-75,4,-20,2,100
2026-04-03,Rolling 3 Months,2026-01-01,2026-03-31,City,"Sorento, IL",2,100,75213,306.55,38,3450,1,0,3,0,2,0
2026-04-03,Rolling 3 Months,2026-01-01,2026-03-31,City,"Chadwick, IL",2,100,143500,75,104,1550,1,0,3,-40,3,200
2026-04-03,Rolling 3 Months,2026-01-01,2026-03-31,City,"Monroe Center, IL",2,0,211500,24.05,42,-2300,1,-50,2,0,2,0
2026-04-03,Rolling 3 Months,2026-01-01,2026-03-31,City,"Dalzell, IL",2,0,266250,100.94,116,7550,1,0,3,50,2,100
2026-04-03,Rolling 3 Months,2026-01-01,2026-03-31,City,"Wenona, IL",2,0,264750,37.53,122,4450,1,0,4,0,3,0
2026-04-03,Rolling 3 Months,2026-01-01,2026-03-31,City,"Beardstown, IL",2,100,115000,-11.54,226,6750,1,0,2,-33.33,2,100
2026-04-03,Rolling 3 Months,2026-01-01,2026-03-31,City,"Chebanse, IL",2,100,150000,-23.09,47,900,1,-83.33,4,-42.86,4,300
2026-04-03,Rolling 3 Months,2026-01-01,2026-03-31,City,"Galatia, IL",2,0,71325,85.26,104,-3950,1,-66.67,2,-60,2,0
2026-04-03,Rolling 3 Months,2026-01-01,2026-03-31,City,"Loami, IL",2,NA,139950,NA,21,NA,1,NA,2,NA,NA,NA
2026-04-03,Rolling 3 Months,2026-01-01,2026-03-31,City,"Sheldon, IL",2,0,47500,-50.65,42,2200,1,-50,5,-37.5,2,-33.33
2026-04-03,Rolling 3 Months,2026-01-01,2026-03-31,City,"Belle Rive, IL",2,NA,109500,NA,47,NA,1,NA,2,100,2,NA
2026-04-03,Rolling 3 Months,2026-01-01,2026-03-31,City,"Millington, IL",2,0,268750,-2.63,116,8450,1,0,3,50,2,100
2026-04-03,Rolling 3 Months,2026-01-01,2026-03-31,City,"Rest Haven, IL",2,100,299000,96.71,57,5050,1,NA,3,50,2,0
2026-04-03,Rolling 3 Months,2026-01-01,2026-03-31,City,"Brimfield, IL",2,100,194750,0.39,17,-750,1,0,2,100,2,100
2026-04-03,Rolling 3 Months,2026-01-01,2026-03-31,City,"Clifton, IL",2,100,182901,-27.42,88,3550,1,-75,4,-33.33,2,-60
2026-04-03,Rolling 3 Months,2026-01-01,2026-03-31,City,"Forreston, IL",2,100,185050,27.62,250,21150,1,-66.67,3,-70,1,-80
2026-04-03,Rolling 3 Months,2026-01-01,2026-03-31,City,"Lostant, IL",2,NA,210500,NA,75,NA,1,NA,3,NA,2,NA
2026-04-03,Rolling 3 Months,2026-01-01,2026-03-31,City,"Oakwood, IL",2,100,106500,93.64,60,-13200,1,-50,2,0,2,0
2026-04-03,Rolling 3 Months,2026-01-01,2026-03-31,City,"Andover, IL",2,NA,287000,NA,62,NA,1,-50,3,50,3,NA
2026-04-03,Rolling 3 Months,2026-01-01,2026-03-31,City,"Sublette, IL",2,100,163500,-31.56,101,9350,1,-50,4,100,4,100
2026-04-03,Rolling 3 Months,2026-01-01,2026-03-31,City,"Franklin Grove, IL",2,NA,202450,NA,63,NA,1,-50,3,50,1,0
2026-04-03,Rolling 3 Months,2026-01-01,2026-03-31,City,"Tower Lakes, IL",2,-66.67,523750,0.82,149,7900,1,-75,3,-57.14,2,-50
2026-04-03,Rolling 3 Months,2026-01-01,2026-03-31,City,"Bartelso, IL",2,100,167500,3.4,32,-300,1,0,1,0,1,0
2026-04-03,Rolling 3 Months,2026-01-01,2026-03-31,City,"New Holland, IL",2,NA,142000,NA,14,NA,1,-50,1,-50,NA,NA
2026-04-03,Rolling 3 Months,2026-01-01,2026-03-31,City,"Roseville, IL",2,-66.67,57500,-17.86,124,-5250,1,-80,4,-55.56,3,-25
2026-04-03,Rolling 3 Months,2026-01-01,2026-03-31,City,"Glasford, IL",2,100,96250,5.77,88,1750,1,-50,2,-33.33,2,-33.33
2026-04-03,Rolling 3 Months,2026-01-01,2026-03-31,City,"Jonesboro, IL",2,-71.43,128500,-8.54,109,1750,1,0,7,-22.22,4,-20
2026-04-03,Rolling 3 Months,2026-01-01,2026-03-31,City,"Martinsville, IL",2,100,71500,23.28,79,-40750,1,-50,3,0,1,-50
2026-04-03,Rolling 3 Months,2026-01-01,2026-03-31,City,"Nauvoo, IL",2,-33.33,195000,160,168,5500,1,-66.67,5,-16.67,2,-33.33
2026-04-03,Rolling 3 Months,2026-01-01,2026-03-31,City,"Camp Point, IL",2,0,102000,-18.73,80,2050,1,-80,3,-70,2,-60
2026-04-03,Rolling 3 Months,2026-01-01,2026-03-31,City,"Rankin, IL",3,NA,122000,NA,199,NA,1,0,5,66.67,3,200
2026-04-03,Rolling 3 Months,2026-01-01,2026-03-31,City,"Easton, IL",3,NA,45000,NA,52,NA,1,0,2,0,2,100
2026-04-03,Rolling 3 Months,2026-01-01,2026-03-31,City,"Fayetteville, IL",3,NA,191333,NA,159,NA,1,0,5,150,4,NA
2026-04-03,Rolling 3 Months,2026-01-01,2026-03-31,City,"Ridge Farm, IL",3,50,89000,-10.1,43,500,1,0,4,33.33,1,-66.67
2026-04-03,Rolling 3 Months,2026-01-01,2026-03-31,City,"Okawville, IL",3,50,200000,97.14,152,11450,1,-80,3,-40,2,-50
2026-04-03,Rolling 3 Months,2026-01-01,2026-03-31,City,"Robinson, IL",3,50,27000,-85.52,72,-100,1,-80,6,-45.45,4,-20
2026-04-03,Rolling 3 Months,2026-01-01,2026-03-31,City,"Wyoming, IL",3,0,117200,23.37,21,-5900,1,-66.67,2,-60,3,-25
2026-04-03,Rolling 3 Months,2026-01-01,2026-03-31,City,"Carbon Cliff, IL",3,50,226000,26.82,85,1800,1,-75,12,100,3,50
2026-04-03,Rolling 3 Months,2026-01-01,2026-03-31,City,"Woodlawn, IL",3,200,150000,-15.25,80,-2000,1,-66.67,5,25,3,200
2026-04-03,Rolling 3 Months,2026-01-01,2026-03-31,City,"Lovington, IL",3,50,124000,5.98,33,-4600,1,0,3,50,2,100
2026-04-03,Rolling 3 Months,2026-01-01,2026-03-31,City,"Fithian, IL",3,200,145000,663.16,149,13600,1,0,2,0,1,0
2026-04-03,Rolling 3 Months,2026-01-01,2026-03-31,City,"Kincaid, IL",4,-20,161250,24.04,61,2400,1,-66.67,3,-57.14,3,-40
2026-04-03,Rolling 3 Months,2026-01-01,2026-03-31,City,"Assumption, IL",4,-20,80000,-42.03,91,2500,1,-88.89,7,-56.25,4,-42.86
2026-04-03,Rolling 3 Months,2026-01-01,2026-03-31,City,"Georgetown, IL",4,300,115000,22.99,105,9050,1,-66.67,6,20,7,133.33
2026-04-03,Rolling 3 Months,2026-01-01,2026-03-31,City,"Hamel, IL",4,0,287500,-13.4,128,7650,1,-50,3,-40,3,-25
2026-04-03,Rolling 3 Months,2026-01-01,2026-03-31,City,"Germantown, IL",4,100,288500,78.64,56,3350,1,-66.67,4,-20,1,-66.67
2026-04-03,Rolling 3 Months,2026-01-01,2026-03-31,City,"Moro, IL",5,400,270000,11.57,42,-9850,1,0,6,200,2,0
2026-04-03,Rolling 3 Months,2026-01-01,2026-03-31,City,"East Galesburg, IL",5,NA,345000,NA,138,NA,1,0,6,100,2,NA
2026-04-03,Rolling 3 Months,2026-01-01,2026-03-31,City,"Rapids City, IL",5,25,240000,46.34,11,-3300,1,-75,2,-71.43,5,25
2026-04-03,Rolling 3 Months,2026-01-01,2026-03-31,City,"Leland, IL",6,500,238500,-1.45,76,4200,1,0,6,500,5,400
2026-04-03,Rolling 3 Months,2026-01-01,2026-03-31,City,"Crescent City, IL",NA,NA,NA,NA,NA,NA,1,NA,4,300,1,NA
2026-04-03,Rolling 3 Months,2026-01-01,2026-03-31,City,"Grand Ridge, IL",NA,NA,NA,NA,NA,NA,1,NA,2,NA,2,NA
2026-04-03,Rolling 3 Months,2026-01-01,2026-03-31,City,"Maquon, IL",NA,NA,NA,NA,NA,NA,1,0,1,0,NA,NA
2026-04-03,Rolling 3 Months,2026-01-01,2026-03-31,City,"Mason, IL",NA,NA,NA,NA,NA,NA,1,NA,2,100,NA,NA
2026-04-03,Rolling 3 Months,2026-01-01,2026-03-31,City,"Emden, IL",NA,NA,NA,NA,NA,NA,1,-50,1,-66.67,1,0
2026-04-03,Rolling 3 Months,2026-01-01,2026-03-31,City,"Venedy, IL",NA,NA,NA,NA,NA,NA,1,NA,1,0,1,0
2026-04-03,Rolling 3 Months,2026-01-01,2026-03-31,City,"Cantrall, IL",NA,NA,NA,NA,NA,NA,1,0,1,0,NA,NA
2026-04-03,Rolling 3 Months,2026-01-01,2026-03-31,City,"Hooppole, IL",NA,NA,NA,NA,NA,NA,1,-50,2,0,NA,NA
2026-04-03,Rolling 3 Months,2026-01-01,2026-03-31,City,"Good Hope, IL",NA,NA,NA,NA,NA,NA,1,NA,3,0,2,NA
2026-04-03,Rolling 3 Months,2026-01-01,2026-03-31,City,"Norris City, IL",NA,NA,NA,NA,NA,NA,1,NA,1,0,NA,NA
2026-04-03,Rolling 3 Months,2026-01-01,2026-03-31,City,"Kenney, IL",NA,NA,NA,NA,NA,NA,1,NA,1,-66.67,1,-50
2026-04-03,Rolling 3 Months,2026-01-01,2026-03-31,City,"Augusta, IL",NA,NA,NA,NA,NA,NA,1,NA,2,100,NA,NA
2026-04-03,Rolling 3 Months,2026-01-01,2026-03-31,City,"Tiskilwa, IL",NA,NA,NA,NA,NA,NA,1,0,1,-66.67,NA,NA
2026-04-03,Rolling 3 Months,2026-01-01,2026-03-31,City,"Crab Orchard, IL",NA,NA,NA,NA,NA,NA,1,0,3,200,1,NA
2026-04-03,Rolling 3 Months,2026-01-01,2026-03-31,City,"Lynn Center, IL",NA,NA,NA,NA,NA,NA,1,NA,1,NA,NA,NA
2026-04-03,Rolling 3 Months,2026-01-01,2026-03-31,City,"Bluffs, IL",NA,NA,NA,NA,NA,NA,1,NA,1,NA,NA,NA
2026-04-03,Rolling 3 Months,2026-01-01,2026-03-31,City,"Manchester, IL",NA,NA,NA,NA,NA,NA,1,NA,1,0,NA,NA
2026-04-03,Rolling 3 Months,2026-01-01,2026-03-31,City,"Adeline, IL",NA,NA,NA,NA,NA,NA,1,0,2,100,1,NA
2026-04-03,Rolling 3 Months,2026-01-01,2026-03-31,City,"Griggsville, IL",NA,NA,NA,NA,NA,NA,1,-66.67,2,-50,1,0
2026-04-03,Rolling 3 Months,2026-01-01,2026-03-31,City,"Virginia, IL",NA,NA,NA,NA,NA,NA,1,0,1,-66.67,NA,NA
2026-04-03,Rolling 3 Months,2026-01-01,2026-03-31,City,"Ullin, IL",NA,NA,NA,NA,NA,NA,1,NA,1,0,1,NA
2026-04-03,Rolling 3 Months,2026-01-01,2026-03-31,City,"Mossville, IL",NA,NA,NA,NA,NA,NA,1,0,1,-50,NA,NA
2026-04-03,Rolling 3 Months,2026-01-01,2026-03-31,City,"Princeville, IL",NA,NA,NA,NA,NA,NA,1,-66.67,1,-83.33,1,-75
2026-04-03,Rolling 3 Months,2026-01-01,2026-03-31,City,"Towanda, IL",NA,NA,NA,NA,NA,NA,1,-50,1,-80,1,-80
2026-04-03,Rolling 3 Months,2026-01-01,2026-03-31,City,"Hodgkins, IL",NA,NA,NA,NA,NA,NA,1,NA,2,NA,NA,NA
2026-04-03,Rolling 3 Months,2026-01-01,2026-03-31,City,"Raleigh, IL",NA,NA,NA,NA,NA,NA,1,0,2,100,1,NA
2026-04-03,Rolling 3 Months,2026-01-01,2026-03-31,City,"Shipman, IL",NA,NA,NA,NA,NA,NA,1,0,1,0,1,0
2026-04-03,Rolling 3 Months,2026-01-01,2026-03-31,City,"Allerton, IL",NA,NA,NA,NA,NA,NA,1,0,1,-75,NA,NA
2026-04-03,Rolling 3 Months,2026-01-01,2026-03-31,City,"Vergennes, IL",NA,NA,NA,NA,NA,NA,1,0,1,0,1,0
2026-04-03,Rolling 3 Months,2026-01-01,2026-03-31,City,"St. Johns, IL",NA,NA,NA,NA,NA,NA,1,NA,1,0,NA,NA
2026-04-03,Rolling 3 Months,2026-01-01,2026-03-31,City,"Tallula, IL",NA,NA,NA,NA,NA,NA,1,NA,2,NA,NA,NA
2026-04-03,Rolling 3 Months,2026-01-01,2026-03-31,City,"Fairmont City, IL",NA,NA,NA,NA,NA,NA,1,0,1,0,1,NA
2026-04-03,Rolling 3 Months,2026-01-01,2026-03-31,City,"Pulaski, IL",NA,NA,NA,NA,NA,NA,1,NA,1,NA,1,NA
2026-04-03,Rolling 3 Months,2026-01-01,2026-03-31,City,"De Land, IL",NA,NA,NA,NA,NA,NA,1,NA,1,0,NA,NA
2026-04-03,Rolling 3 Months,2026-01-01,2026-03-31,City,"Cabery, IL",NA,NA,NA,NA,NA,NA,1,NA,1,NA,1,NA
2026-04-03,Rolling 3 Months,2026-01-01,2026-03-31,City,"Cisco, IL",NA,NA,NA,NA,NA,NA,1,NA,1,-50,NA,NA
2026-04-03,Rolling 3 Months,2026-01-01,2026-03-31,City,"Smithville, IL",NA,NA,NA,NA,NA,NA,1,NA,1,NA,NA,NA
2026-04-03,Rolling 3 Months,2026-01-01,2026-03-31,City,"Gilson, IL",NA,NA,NA,NA,NA,NA,1,NA,1,NA,1,NA
2026-04-03,Rolling 3 Months,2026-01-01,2026-03-31,City,"St. Marie, IL",NA,NA,NA,NA,NA,NA,1,NA,1,NA,1,NA
2026-04-03,Rolling 3 Months,2026-01-01,2026-03-31,City,"Beason, IL",NA,NA,NA,NA,NA,NA,1,0,1,0,1,0
2026-04-03,Rolling 3 Months,2026-01-01,2026-03-31,City,"LaPlace, IL",NA,NA,NA,NA,NA,NA,1,0,2,-33.33,NA,NA
2026-04-03,Rolling 3 Months,2026-01-01,2026-03-31,City,"Du Bois, IL",NA,NA,NA,NA,NA,NA,1,NA,1,0,1,0
2026-04-03,Rolling 3 Months,2026-01-01,2026-03-31,City,"Kempton, IL",NA,NA,NA,NA,NA,NA,1,0,1,0,NA,NA
2026-04-03,Rolling 3 Months,2026-01-01,2026-03-31,City,"Gorham, IL",NA,NA,NA,NA,NA,NA,1,NA,2,100,1,0
2026-04-03,Rolling 3 Months,2026-01-01,2026-03-31,City,"Congerville, IL",NA,NA,NA,NA,NA,NA,1,NA,2,NA,NA,NA
2026-04-03,Rolling 3 Months,2026-01-01,2026-03-31,City,"Penfield, IL",NA,NA,NA,NA,NA,NA,1,NA,1,NA,NA,NA
2026-04-03,Rolling 3 Months,2026-01-01,2026-03-31,City,"East Brooklyn, IL",NA,NA,NA,NA,NA,NA,1,NA,1,NA,NA,NA
2026-04-03,Rolling 3 Months,2026-01-01,2026-03-31,City,"Walnut Hill, IL",NA,NA,NA,NA,NA,NA,1,NA,1,NA,NA,NA
2026-04-03,Rolling 3 Months,2026-01-01,2026-03-31,City,"Medora, IL",NA,NA,NA,NA,NA,NA,1,0,2,-33.33,NA,NA
2026-04-03,Rolling 3 Months,2026-01-01,2026-03-31,City,"Perry, IL",NA,NA,NA,NA,NA,NA,1,NA,1,NA,NA,NA
2026-04-03,Rolling 3 Months,2026-01-01,2026-03-31,City,"Saunemin, IL",NA,NA,NA,NA,NA,NA,1,NA,3,50,NA,NA
2026-04-03,Rolling 3 Months,2026-01-01,2026-03-31,City,"Waltonville, IL",NA,NA,NA,NA,NA,NA,1,0,1,-50,NA,NA
2026-04-03,Rolling 3 Months,2026-01-01,2026-03-31,City,"White Heath, IL",NA,NA,NA,NA,NA,NA,1,NA,1,NA,NA,NA
2026-04-03,Rolling 3 Months,2026-01-01,2026-03-31,City,"Hanaford, IL",NA,NA,NA,NA,NA,NA,1,0,2,-50,1,-50
2026-04-03,Rolling 3 Months,2026-01-01,2026-03-31,City,"Forest City, IL",NA,NA,NA,NA,NA,NA,1,NA,1,NA,NA,NA
2026-04-03,Rolling 3 Months,2026-01-01,2026-03-31,City,"Williamsfield, IL",NA,NA,NA,NA,NA,NA,1,NA,2,100,NA,NA
2026-04-03,Rolling 3 Months,2026-01-01,2026-03-31,City,"Plattville, IL",NA,NA,NA,NA,NA,NA,1,0,1,-66.67,1,-66.67
2026-04-03,Rolling 3 Months,2026-01-01,2026-03-31,City,"Ridgefield, IL",NA,NA,NA,NA,NA,NA,1,-66.67,2,-33.33,1,NA
2026-04-03,Rolling 3 Months,2026-01-01,2026-03-31,City,"Tovey, IL",NA,NA,NA,NA,NA,NA,1,0,2,100,1,NA
2026-04-03,Rolling 3 Months,2026-01-01,2026-03-31,City,"Harvel, IL",NA,NA,NA,NA,NA,NA,1,0,2,100,NA,NA
2026-04-03,Rolling 3 Months,2026-01-01,2026-03-31,City,"Chemung, IL",NA,NA,NA,NA,NA,NA,1,NA,1,0,NA,NA
2026-04-03,Rolling 3 Months,2026-01-01,2026-03-31,City,"Cleveland, IL",NA,NA,NA,NA,NA,NA,1,NA,1,0,NA,NA
2026-04-03,Rolling 3 Months,2026-01-01,2026-03-31,City,"Blairsville, IL",NA,NA,NA,NA,NA,NA,1,NA,1,-50,1,NA
2026-04-03,Rolling 3 Months,2026-01-01,2026-03-31,City,"Ina, IL",NA,NA,NA,NA,NA,NA,1,NA,1,-66.67,1,NA
2026-04-03,Rolling 3 Months,2026-01-01,2026-03-31,City,"Woodland, IL",NA,NA,NA,NA,NA,NA,1,NA,2,100,NA,NA
2026-04-03,Rolling 3 Months,2026-01-01,2026-03-31,City,"Butler, IL",NA,NA,NA,NA,NA,NA,1,NA,1,NA,1,NA
2026-04-03,Rolling 3 Months,2026-01-01,2026-03-31,City,"Warrensburg, IL",NA,NA,NA,NA,NA,NA,1,0,1,0,1,0
2026-04-03,Rolling 3 Months,2026-01-01,2026-03-31,City,"Tamaroa, IL",NA,NA,NA,NA,NA,NA,1,-50,2,-33.33,2,NA
2026-04-03,Rolling 3 Months,2026-01-01,2026-03-31,City,"Spaulding, IL",NA,NA,NA,NA,NA,NA,1,0,1,0,NA,NA
2026-04-03,Rolling 3 Months,2026-01-01,2026-03-31,City,"Wayne City, IL",NA,NA,NA,NA,NA,NA,1,0,2,-33.33,NA,NA
2026-04-03,Rolling 3 Months,2026-01-01,2026-03-31,City,"Ellsworth, IL",NA,NA,NA,NA,NA,NA,1,NA,1,NA,1,NA
2026-04-03,Rolling 3 Months,2026-01-01,2026-03-31,City,"Paw Paw, IL",NA,NA,NA,NA,NA,NA,1,-66.67,3,-72.73,2,-60
2026-04-03,Rolling 3 Months,2026-01-01,2026-03-31,City,"Shumway, IL",NA,NA,NA,NA,NA,NA,1,NA,1,NA,NA,NA
2026-04-03,Rolling 3 Months,2026-01-01,2026-03-31,City,"Dayton, IL",NA,NA,NA,NA,NA,NA,1,-50,1,-50,1,0
2026-04-03,Rolling 3 Months,2026-01-01,2026-03-31,City,"Albion, IL",NA,NA,NA,NA,NA,NA,1,NA,1,0,NA,NA
2026-04-03,Rolling 3 Months,2026-01-01,2026-03-31,City,"Ava, IL",NA,NA,NA,NA,NA,NA,1,NA,1,-75,NA,NA
2026-04-03,Rolling 3 Months,2026-01-01,2026-03-31,City,"Herrick, IL",NA,NA,NA,NA,NA,NA,1,0,1,0,NA,NA
2026-04-03,Rolling 3 Months,2026-01-01,2026-03-31,City,"Saybrook, IL",NA,NA,NA,NA,NA,NA,1,-66.67,4,-42.86,2,-50
2026-04-03,Rolling 3 Months,2026-01-01,2026-03-31,City,"Ursa, IL",NA,NA,NA,NA,NA,NA,1,0,1,-50,1,-50
2026-04-03,Rolling 3 Months,2026-01-01,2026-03-31,City,"Yates City, IL",NA,NA,NA,NA,NA,NA,1,-50,2,-50,1,-66.67
2026-04-03,Rolling 3 Months,2026-01-01,2026-03-31,City,"Lowpoint, IL",NA,NA,NA,NA,NA,NA,1,NA,1,NA,2,NA
2026-04-03,Rolling 3 Months,2026-01-01,2026-03-31,City,"Mount Clare, IL",NA,NA,NA,NA,NA,NA,1,NA,1,0,1,NA
2026-04-03,Rolling 3 Months,2026-01-01,2026-03-31,City,"Kaneville, IL",NA,NA,NA,NA,NA,NA,1,NA,2,100,1,0
2026-04-03,Rolling 3 Months,2026-01-01,2026-03-31,City,"Bellflower, IL",NA,NA,NA,NA,NA,NA,1,NA,3,NA,2,NA
2026-04-03,Rolling 3 Months,2026-01-01,2026-03-31,City,"Woodhull, IL",NA,NA,NA,NA,NA,NA,1,0,4,-20,NA,NA
2026-04-03,Rolling 3 Months,2026-01-01,2026-03-31,City,"Eddyville, IL",NA,NA,NA,NA,NA,NA,1,NA,1,NA,1,NA
2026-04-03,Rolling 3 Months,2026-01-01,2026-03-31,City,"Millbrook, IL",NA,NA,NA,NA,NA,NA,1,NA,1,-50,1,NA
2026-04-03,Rolling 3 Months,2026-01-01,2026-03-31,City,"West Salem, IL",NA,NA,NA,NA,NA,NA,1,0,1,-66.67,NA,NA
2026-04-03,Rolling 3 Months,2026-01-01,2026-03-31,City,"Troy Grove, IL",NA,NA,NA,NA,NA,NA,1,NA,2,100,1,0
2026-04-03,Rolling 3 Months,2026-01-01,2026-03-31,City,"Kangley, IL",NA,NA,NA,NA,NA,NA,1,NA,2,NA,2,NA
2026-04-03,Rolling 3 Months,2026-01-01,2026-03-31,City,"Andres, IL",NA,NA,NA,NA,NA,NA,1,NA,1,NA,NA,NA
2026-04-03,Rolling 3 Months,2026-01-01,2026-03-31,City,"Fieldon, IL",NA,NA,NA,NA,NA,NA,1,NA,1,0,NA,NA
2026-04-03,Rolling 3 Months,2026-01-01,2026-03-31,City,"Sammons Point, IL",NA,NA,NA,NA,NA,NA,1,NA,1,NA,1,NA
2026-04-03,Rolling 3 Months,2026-01-01,2026-03-31,City,"Sciota, IL",NA,NA,NA,NA,NA,NA,1,NA,1,NA,1,NA
2026-04-03,Rolling 3 Months,2026-01-01,2026-03-31,City,"Bluford, IL",NA,NA,NA,NA,NA,NA,1,NA,1,0,NA,NA
2026-04-03,Rolling 3 Months,2026-01-01,2026-03-31,City,"Bay View Gardens, IL",NA,NA,NA,NA,NA,NA,1,NA,1,-50,1,-50
2026-04-03,Rolling 3 Months,2026-01-01,2026-03-31,City,"Serena, IL",NA,NA,NA,NA,NA,NA,1,NA,2,NA,1,NA
2026-04-03,Rolling 3 Months,2026-01-01,2026-03-31,City,"Davis, IL",NA,NA,NA,NA,NA,NA,1,-50,1,-80,NA,NA
2026-04-03,Rolling 3 Months,2026-01-01,2026-03-31,City,"Farmer City, IL",10,11.11,152000,0,47,-950,10,0,18,0,14,40
2026-04-03,Rolling 3 Months,2026-01-01,2026-03-31,City,"East Dundee, IL",12,33.33,297500,-4.8,61,700,10,-28.57,19,-5,10,-9.09
2026-04-03,Rolling 3 Months,2026-01-01,2026-03-31,City,"St. Joseph, IL",12,0,235500,-6.36,70,1350,10,0,20,17.65,12,0
2026-04-03,Rolling 3 Months,2026-01-01,2026-03-31,City,"Holiday Shores, IL",12,200,325000,26.46,66,2400,10,100,21,162.5,10,150
2026-04-03,Rolling 3 Months,2026-01-01,2026-03-31,City,"Wadsworth, IL",5,66.67,350000,-9.09,91,4000,10,0,17,30.77,11,266.67
2026-04-03,Rolling 3 Months,2026-01-01,2026-03-31,City,"Petersburg, IL",5,-37.5,150000,28.76,21,-900,10,11.11,14,0,9,-10
2026-04-03,Rolling 3 Months,2026-01-01,2026-03-31,City,"Eureka, IL",6,0,212450,25.71,15,1150,10,11.11,12,-7.69,6,20
2026-04-03,Rolling 3 Months,2026-01-01,2026-03-31,City,"Pistakee Highlands, IL",6,-33.33,258500,-10.86,67,-950,10,-37.5,17,-22.73,7,-36.36
2026-04-03,Rolling 3 Months,2026-01-01,2026-03-31,City,"Royalton, IL",6,200,69350,-36.93,63,1000,10,233.33,15,200,6,200
2026-04-03,Rolling 3 Months,2026-01-01,2026-03-31,City,"Oak Run, IL",6,100,435000,24.29,60,-14000,10,-16.67,15,-21.05,9,12.5
2026-04-03,Rolling 3 Months,2026-01-01,2026-03-31,City,"Tilton, IL",7,40,62000,-44.39,20,-600,10,42.86,15,87.5,8,60
2026-04-03,Rolling 3 Months,2026-01-01,2026-03-31,City,"Carlyle, IL",8,700,187500,30.66,44,-4700,10,42.86,16,77.78,11,175
2026-04-03,Rolling 3 Months,2026-01-01,2026-03-31,City,"Green Oaks, IL",9,-25,815000,22.56,63,1050,10,-9.09,19,0,9,-25
2026-04-03,Rolling 3 Months,2026-01-01,2026-03-31,City,"Rosewood Heights, IL",13,62.5,184900,-11.25,51,300,11,-8.33,22,22.22,16,-5.88
2026-04-03,Rolling 3 Months,2026-01-01,2026-03-31,City,"Mount Zion, IL",14,27.27,228750,8.93,74,1950,11,-56,22,-35.29,13,-45.83
2026-04-03,Rolling 3 Months,2026-01-01,2026-03-31,City,"Hillsboro, IL",15,114.29,90667,-36.37,91,4800,11,-8.33,25,25,16,60
2026-04-03,Rolling 3 Months,2026-01-01,2026-03-31,City,"Momence, IL",4,0,183500,14.87,41,-6800,11,120,14,27.27,5,-28.57
2026-04-03,Rolling 3 Months,2026-01-01,2026-03-31,City,"Steeleville, IL",5,NA,179900,NA,109,NA,11,450,15,275,7,250
2026-04-03,Rolling 3 Months,2026-01-01,2026-03-31,City,"Richmond, IL",5,-54.55,305000,69.44,34,-4100,11,-15.38,15,-25,10,0
2026-04-03,Rolling 3 Months,2026-01-01,2026-03-31,City,"New Baden, IL",5,0,185000,-2.63,33,-200,11,175,14,0,6,0
2026-04-03,Rolling 3 Months,2026-01-01,2026-03-31,City,"Cherry Valley, IL",6,-14.29,224500,-29.07,38,2850,11,22.22,17,41.67,15,36.36
2026-04-03,Rolling 3 Months,2026-01-01,2026-03-31,City,"Maple Park, IL",7,133.33,393640,-6.25,164,2400,11,0,18,5.88,8,-11.11
2026-04-03,Rolling 3 Months,2026-01-01,2026-03-31,City,"North Barrington, IL",7,-12.5,1175000,51.13,82,3550,11,-45,25,-19.35,12,-7.69
2026-04-03,Rolling 3 Months,2026-01-01,2026-03-31,City,"Breese, IL",8,-46.67,271500,23.41,48,-750,11,-15.38,19,-9.52,10,-33.33
2026-04-03,Rolling 3 Months,2026-01-01,2026-03-31,City,"Savanna, IL",9,80,86500,44.17,93,-6900,11,-26.67,26,4,10,11.11
2026-04-03,Rolling 3 Months,2026-01-01,2026-03-31,City,"Sleepy Hollow, IL",9,0,470000,11.9,59,-1600,11,57.14,18,5.88,11,37.5
2026-04-03,Rolling 3 Months,2026-01-01,2026-03-31,City,"Freeburg, IL",10,66.67,227334,-4.68,53,2350,12,9.09,20,5.26,15,50
2026-04-03,Rolling 3 Months,2026-01-01,2026-03-31,City,"Fulton, IL",12,20,135750,10.82,103,750,12,-14.29,21,-12.5,13,44.44
2026-04-03,Rolling 3 Months,2026-01-01,2026-03-31,City,"Aledo, IL",12,9.09,123500,-20.32,65,2300,12,-36.84,17,-34.62,16,6.67
2026-04-03,Rolling 3 Months,2026-01-01,2026-03-31,City,"Peotone, IL",14,100,338450,-1.9,117,4000,12,9.09,23,9.52,19,46.15
2026-04-03,Rolling 3 Months,2026-01-01,2026-03-31,City,"Berkeley, IL",15,114.29,300000,1.69,80,-1100,12,33.33,26,62.5,13,85.71
2026-04-03,Rolling 3 Months,2026-01-01,2026-03-31,City,"Chester, IL",16,128.57,173500,34.5,68,2200,12,9.09,30,50,16,128.57
2026-04-03,Rolling 3 Months,2026-01-01,2026-03-31,City,"Creve Coeur, IL",17,30.77,144294,69.76,35,-700,12,0,22,-12,18,38.46
2026-04-03,Rolling 3 Months,2026-01-01,2026-03-31,City,"Red Bud, IL",5,0,180000,7.14,38,-2700,12,0,14,-17.65,8,-33.33
2026-04-03,Rolling 3 Months,2026-01-01,2026-03-31,City,"Elwood, IL",6,50,300000,-15.25,76,3150,12,300,19,90,12,140
2026-04-03,Rolling 3 Months,2026-01-01,2026-03-31,City,"Villa Grove, IL",6,-14.29,102750,-8.67,107,4750,12,50,23,53.33,12,9.09
2026-04-03,Rolling 3 Months,2026-01-01,2026-03-31,City,"Mount Olive, IL",7,133.33,69000,134.69,77,-2650,12,200,23,187.5,14,100
2026-04-03,Rolling 3 Months,2026-01-01,2026-03-31,City,"North Riverside, IL",8,-46.67,335000,-12.76,76,500,12,-33.33,21,-34.38,8,-52.94
2026-04-03,Rolling 3 Months,2026-01-01,2026-03-31,City,"Deer Park, IL",8,-27.27,620000,-14.48,77,1000,12,50,16,0,10,25
2026-04-03,Rolling 3 Months,2026-01-01,2026-03-31,City,"Sparta, IL",8,60,126750,-16.34,102,1000,12,0,31,55,13,44.44
2026-04-03,Rolling 3 Months,2026-01-01,2026-03-31,City,"Anna, IL",9,-40,132000,-2.22,106,4700,12,-42.86,24,-33.33,13,-31.58
2026-04-03,Rolling 3 Months,2026-01-01,2026-03-31,City,"Dupo, IL",11,57.14,144667,31.52,25,-4100,13,30,21,40,11,37.5
2026-04-03,Rolling 3 Months,2026-01-01,2026-03-31,City,"West Peoria, IL",13,-18.75,120000,18.52,13,-1250,13,-51.85,22,-38.89,16,-40.74
2026-04-03,Rolling 3 Months,2026-01-01,2026-03-31,City,"Le Roy, IL",13,160,175000,-5.91,38,50,13,225,18,100,14,180
2026-04-03,Rolling 3 Months,2026-01-01,2026-03-31,City,"Palos Park, IL",15,-25,585000,10.27,62,-750,13,-31.58,24,-40,15,-16.67
2026-04-03,Rolling 3 Months,2026-01-01,2026-03-31,City,"Silvis, IL",15,-28.57,169000,26.5,39,-2100,13,-55.17,24,-46.67,16,-33.33
2026-04-03,Rolling 3 Months,2026-01-01,2026-03-31,City,"Monee, IL",18,20,308450,13.4,99,2000,13,-23.53,34,-15,19,-5
2026-04-03,Rolling 3 Months,2026-01-01,2026-03-31,City,"Spring Valley, IL",7,133.33,142500,54.89,113,-800,13,8.33,23,21.05,8,-11.11
2026-04-03,Rolling 3 Months,2026-01-01,2026-03-31,City,"Venetian Village, IL",8,100,291025,3.02,35,-5000,13,8.33,18,5.88,12,33.33
2026-04-03,Rolling 3 Months,2026-01-01,2026-03-31,City,"Rochester, IL",9,125,265000,-18.46,25,100,13,85.71,18,80,9,125
2026-04-03,Rolling 3 Months,2026-01-01,2026-03-31,City,"Auburn, IL",12,-20,194750,34.31,5,-2150,14,16.67,18,0,12,9.09
2026-04-03,Rolling 3 Months,2026-01-01,2026-03-31,City,"Highwood, IL",3,-57.14,430000,13.16,24,-4500,14,40,16,14.29,7,0
2026-04-03,Rolling 3 Months,2026-01-01,2026-03-31,City,"Pinckneyville, IL",5,-37.5,75000,1.01,50,-5000,14,133.33,21,10.53,13,44.44
2026-04-03,Rolling 3 Months,2026-01-01,2026-03-31,City,"Peru, IL",8,-42.86,181750,17.26,86,3150,14,-33.33,28,-26.32,14,-39.13
2026-04-03,Rolling 3 Months,2026-01-01,2026-03-31,City,"Sandwich, IL",8,-57.89,302500,22.47,47,-350,14,7.69,24,-17.24,15,-11.76
2026-04-03,Rolling 3 Months,2026-01-01,2026-03-31,City,"Pontoon Beach, IL",9,0,180000,0.42,46,200,14,27.27,22,22.22,11,10
2026-04-03,Rolling 3 Months,2026-01-01,2026-03-31,City,"Lake Summerset, IL",11,0,265000,0,100,8100,15,-28.57,27,8,13,18.18
2026-04-03,Rolling 3 Months,2026-01-01,2026-03-31,City,"Millstadt, IL",11,10,260000,30.98,41,-4950,15,150,26,62.5,15,36.36
2026-04-03,Rolling 3 Months,2026-01-01,2026-03-31,City,"Poplar Grove, IL",12,33.33,330653,1.4,24,300,15,36.36,22,-12,14,40
2026-04-03,Rolling 3 Months,2026-01-01,2026-03-31,City,"Sullivan, IL",12,33.33,148250,32.37,42,2450,15,150,17,112.5,15,114.29
2026-04-03,Rolling 3 Months,2026-01-01,2026-03-31,City,"Germantown Hills, IL",13,333.33,300000,36.36,34,2600,15,200,17,142.86,13,160
2026-04-03,Rolling 3 Months,2026-01-01,2026-03-31,City,"Spring Grove, IL",13,18.18,515000,8.42,120,3400,15,-11.76,33,22.22,18,-10
2026-04-03,Rolling 3 Months,2026-01-01,2026-03-31,City,"Tuscola, IL",9,-18.18,165000,-12.7,36,-8900,15,0,27,0,16,6.67
2026-04-03,Rolling 3 Months,2026-01-01,2026-03-31,City,"Olympia Fields, IL",11,-35.29,335000,-4.29,135,2700,16,14.29,31,-16.22,16,-15.79
2026-04-03,Rolling 3 Months,2026-01-01,2026-03-31,City,"Grandwood Park, IL",11,-21.43,325000,-13.91,46,-350,16,-5.88,23,-11.54,13,-31.58
2026-04-03,Rolling 3 Months,2026-01-01,2026-03-31,City,"Shelbyville, IL",12,33.33,160500,11.46,79,5800,16,23.08,37,68.18,20,53.85
2026-04-03,Rolling 3 Months,2026-01-01,2026-03-31,City,"Hinckley, IL",12,500,371488,26.36,144,600,16,220,34,126.67,20,233.33
2026-04-03,Rolling 3 Months,2026-01-01,2026-03-31,City,"Caseyville, IL",13,-31.58,352500,71.95,103,2500,16,14.29,33,26.92,13,-38.1
2026-04-03,Rolling 3 Months,2026-01-01,2026-03-31,City,"Sherman, IL",14,75,281500,-1.57,14,-100,16,-15.79,20,-13.04,16,60
2026-04-03,Rolling 3 Months,2026-01-01,2026-03-31,City,"Wilmington, IL",9,12.5,347500,54.44,42,-3100,16,0,28,33.33,14,75
2026-04-03,Rolling 3 Months,2026-01-01,2026-03-31,City,"Geneseo, IL",11,10,185000,5.71,47,-1400,17,21.43,29,45,22,144.44
2026-04-03,Rolling 3 Months,2026-01-01,2026-03-31,City,"Hometown, IL",12,140,217000,8.5,56,2100,17,6.25,24,33.33,12,9.09
2026-04-03,Rolling 3 Months,2026-01-01,2026-03-31,City,"Coal City, IL",13,44.44,236250,-5.88,43,-700,17,6.25,30,20,17,21.43
2026-04-03,Rolling 3 Months,2026-01-01,2026-03-31,City,"Rantoul, IL",17,-26.09,135000,14.41,42,-700,17,-43.33,36,-18.18,19,-17.39
2026-04-03,Rolling 3 Months,2026-01-01,2026-03-31,City,"Vandalia, IL",18,38.46,86500,-18.4,82,-250,17,0,42,23.53,22,69.23
2026-04-03,Rolling 3 Months,2026-01-01,2026-03-31,City,"Cortland, IL",27,58.82,264900,1.92,146,6800,17,-5.56,53,39.47,23,-4.17
2026-04-03,Rolling 3 Months,2026-01-01,2026-03-31,City,"Paxton, IL",9,0,153000,-17.3,116,6400,17,54.55,33,32,11,-21.43
2026-04-03,Rolling 3 Months,2026-01-01,2026-03-31,City,"Summit, IL",9,0,317500,19.81,113,5900,17,-32,34,-8.11,19,-13.64
2026-04-03,Rolling 3 Months,2026-01-01,2026-03-31,City,"Fox River Grove, IL",9,-40,400000,14.29,90,4900,17,-22.73,25,-10.71,16,-23.81
2026-04-03,Rolling 3 Months,2026-01-01,2026-03-31,City,"Washington Park, IL",NA,NA,NA,NA,NA,NA,17,NA,20,566.67,1,0
2026-04-03,Rolling 3 Months,2026-01-01,2026-03-31,City,"Harwood Heights, IL",11,-26.67,375000,17.19,75,1400,18,-14.29,29,-17.14,15,-21.05
2026-04-03,Rolling 3 Months,2026-01-01,2026-03-31,City,"Lebanon, IL",11,-15.38,227750,-3.09,34,-1200,18,63.64,24,9.09,18,20
2026-04-03,Rolling 3 Months,2026-01-01,2026-03-31,City,"Candlewick Lake, IL",12,-25,227500,-1.09,19,-1350,18,0,25,-24.24,17,-19.05
2026-04-03,Rolling 3 Months,2026-01-01,2026-03-31,City,"Salem, IL",13,-51.85,160000,21.21,49,-1300,18,-37.93,36,-35.71,20,-37.5
2026-04-03,Rolling 3 Months,2026-01-01,2026-03-31,City,"Hillside, IL",14,27.27,302500,4.31,80,3550,18,-5.26,28,0,18,20
2026-04-03,Rolling 3 Months,2026-01-01,2026-03-31,City,"South Jacksonville, IL",15,275,130000,3.38,35,1600,18,125,24,100,16,77.78
2026-04-03,Rolling 3 Months,2026-01-01,2026-03-31,City,"Northlake, IL",17,6.25,320000,33.33,62,350,18,-21.74,37,2.78,24,-7.69
2026-04-03,Rolling 3 Months,2026-01-01,2026-03-31,City,"LaSalle, IL",17,6.25,123000,7.89,71,2650,18,-40,40,-14.89,26,13.04
2026-04-03,Rolling 3 Months,2026-01-01,2026-03-31,City,"Boulder Hill, IL",18,-10,314000,20.77,47,1150,18,-21.74,35,12.9,23,-11.54
2026-04-03,Rolling 3 Months,2026-01-01,2026-03-31,City,"Bartonville, IL",18,-5.26,145250,35.75,39,800,18,5.88,32,10.34,21,10.53
2026-04-03,Rolling 3 Months,2026-01-01,2026-03-31,City,"Milan, IL",6,-14.29,122500,-16.67,60,-750,18,0,31,40.91,16,60
2026-04-03,Rolling 3 Months,2026-01-01,2026-03-31,City,"Lake Carroll, IL",8,14.29,864500,170.16,229,11800,18,20,29,-6.45,10,-28.57
2026-04-03,Rolling 3 Months,2026-01-01,2026-03-31,City,"South Barrington, IL",9,-18.18,1335000,21.36,189,8000,18,0,29,-17.14,15,25
2026-04-03,Rolling 3 Months,2026-01-01,2026-03-31,City,"Morrison, IL",10,-23.08,127500,60.38,101,4400,19,11.76,40,8.11,17,-32
2026-04-03,Rolling 3 Months,2026-01-01,2026-03-31,City,"Indian Head Park, IL",11,-38.89,350000,-3.85,59,650,19,35.71,26,-7.14,14,-30
2026-04-03,Rolling 3 Months,2026-01-01,2026-03-31,City,"Princeton, IL",13,-7.14,147450,-28.94,91,1900,19,35.71,36,38.46,19,26.67
2026-04-03,Rolling 3 Months,2026-01-01,2026-03-31,City,"Benton, IL",15,-42.31,85000,-6.85,59,-3000,19,0,38,-24,24,-20
2026-04-03,Rolling 3 Months,2026-01-01,2026-03-31,City,"Genoa, IL",15,-11.76,280000,19.15,61,500,19,5.56,39,14.71,19,-17.39
2026-04-03,Rolling 3 Months,2026-01-01,2026-03-31,City,"Beecher, IL",17,30.77,307840,38.98,135,6200,19,-17.39,53,29.27,28,55.56
2026-04-03,Rolling 3 Months,2026-01-01,2026-03-31,City,"Pana, IL",17,30.77,85000,21.43,45,-4400,19,18.75,36,24.14,18,0
2026-04-03,Rolling 3 Months,2026-01-01,2026-03-31,City,"Marseilles, IL",18,100,142500,-30.49,48,-1200,19,58.33,29,20.83,19,26.67
2026-04-03,Rolling 3 Months,2026-01-01,2026-03-31,City,"Melrose Park, IL",19,-20.83,413000,21.47,98,2550,19,-17.39,46,0,32,33.33
2026-04-03,Rolling 3 Months,2026-01-01,2026-03-31,City,"Royal, IL",1,NA,210000,NA,79,NA,2,NA,3,NA,2,NA
2026-04-03,Rolling 3 Months,2026-01-01,2026-03-31,City,"Avon, IL",1,NA,69000,NA,177,NA,2,100,5,25,2,NA
2026-04-03,Rolling 3 Months,2026-01-01,2026-03-31,City,"Lily Lake, IL",1,-80,857138,84.33,47,-2600,2,0,2,-66.67,2,-50
2026-04-03,Rolling 3 Months,2026-01-01,2026-03-31,City,"Olive Branch, IL",1,NA,44000,NA,60,NA,2,100,3,0,2,100
2026-04-03,Rolling 3 Months,2026-01-01,2026-03-31,City,"Bulpitt, IL",1,NA,61000,NA,21,NA,2,NA,2,NA,1,NA
2026-04-03,Rolling 3 Months,2026-01-01,2026-03-31,City,"Hopewell, IL",1,0,182000,-24.17,69,-300,2,-33.33,2,-50,2,-33.33
2026-04-03,Rolling 3 Months,2026-01-01,2026-03-31,City,"Trivoli, IL",1,-50,235000,154.05,26,-6500,2,100,3,0,2,-33.33
2026-04-03,Rolling 3 Months,2026-01-01,2026-03-31,City,"Cave-in-Rock, IL",1,NA,60770,NA,0,NA,2,NA,2,100,1,0
2026-04-03,Rolling 3 Months,2026-01-01,2026-03-31,City,"New Douglas, IL",1,0,30000,-83.1,276,19300,2,100,3,50,1,-50
2026-04-03,Rolling 3 Months,2026-01-01,2026-03-31,City,"Banner, IL",1,NA,132400,NA,70,NA,2,NA,2,NA,1,NA
2026-04-03,Rolling 3 Months,2026-01-01,2026-03-31,City,"Brookport, IL",1,NA,85000,NA,0,NA,2,NA,3,200,1,NA
2026-04-03,Rolling 3 Months,2026-01-01,2026-03-31,City,"Chesterfield, IL",1,-83.33,1300000,80.87,0,-350,2,-66.67,2,-66.67,1,-83.33
2026-04-03,Rolling 3 Months,2026-01-01,2026-03-31,City,"Cissna Park, IL",1,-50,125000,-3.85,217,5800,2,0,5,0,2,100
2026-04-03,Rolling 3 Months,2026-01-01,2026-03-31,City,"Brownstown, IL",1,0,140000,833.33,130,-4200,2,100,5,150,NA,NA
2026-04-03,Rolling 3 Months,2026-01-01,2026-03-31,City,"Lakewood Shores, IL",1,0,141000,-29.5,160,4700,2,0,4,33.33,1,0
2026-04-03,Rolling 3 Months,2026-01-01,2026-03-31,City,"Irvington, IL",1,NA,135000,NA,129,NA,2,100,3,0,NA,NA
2026-04-03,Rolling 3 Months,2026-01-01,2026-03-31,City,"Annawan, IL",1,-50,180000,19.01,18,-12250,2,NA,3,-40,3,200
2026-04-03,Rolling 3 Months,2026-01-01,2026-03-31,City,"Grand Detour, IL",1,0,170500,79.47,41,-14400,2,-33.33,2,-66.67,2,-33.33
2026-04-03,Rolling 3 Months,2026-01-01,2026-03-31,City,"Pleasant Plains, IL",1,0,217000,75.71,2,200,2,0,3,0,2,100
2026-04-03,Rolling 3 Months,2026-01-01,2026-03-31,City,"Panama, IL",1,NA,212980,NA,60,NA,2,NA,2,NA,2,NA
2026-04-03,Rolling 3 Months,2026-01-01,2026-03-31,City,"Sibley, IL",1,NA,25000,NA,7,NA,2,NA,2,NA,1,NA
2026-04-03,Rolling 3 Months,2026-01-01,2026-03-31,City,"Sheridan, IL",1,NA,190000,NA,67,NA,2,NA,3,NA,2,NA
2026-04-03,Rolling 3 Months,2026-01-01,2026-03-31,City,"Windsor, IL",1,-50,110000,-24.91,201,8150,2,-33.33,4,0,1,-50
2026-04-03,Rolling 3 Months,2026-01-01,2026-03-31,City,"Green Valley, IL",1,NA,320000,NA,2,NA,2,NA,3,50,2,100
2026-04-03,Rolling 3 Months,2026-01-01,2026-03-31,City,"Oblong, IL",1,NA,20000,NA,64,NA,2,NA,2,0,1,NA
2026-04-03,Rolling 3 Months,2026-01-01,2026-03-31,City,"Rosiclare, IL",1,-50,165000,260.66,242,19900,2,-50,6,-14.29,1,-66.67
2026-04-03,Rolling 3 Months,2026-01-01,2026-03-31,City,"Mendon, IL",1,NA,180000,NA,32,NA,2,-33.33,2,-60,2,100
2026-04-03,Rolling 3 Months,2026-01-01,2026-03-31,City,"Clayton, IL",1,0,89000,-29.37,37,-100,2,-33.33,4,0,2,0
2026-04-03,Rolling 3 Months,2026-01-01,2026-03-31,City,"St. Jacob, IL",1,-75,298000,67.89,70,2450,2,-33.33,3,-25,3,0
2026-04-03,Rolling 3 Months,2026-01-01,2026-03-31,City,"Richview, IL",1,NA,128000,NA,45,NA,2,0,3,-25,3,NA
2026-04-03,Rolling 3 Months,2026-01-01,2026-03-31,City,"Gifford, IL",1,-75,227250,24.52,76,3950,2,100,4,100,1,-50
2026-04-03,Rolling 3 Months,2026-01-01,2026-03-31,City,"Niantic, IL",1,0,165000,65,28,-5400,2,0,2,0,1,0
2026-04-03,Rolling 3 Months,2026-01-01,2026-03-31,City,"Alhambra, IL",1,0,64900,-75.03,5,-7900,2,NA,3,50,1,0
2026-04-03,Rolling 3 Months,2026-01-01,2026-03-31,City,"Wamac, IL",1,0,22000,-72.5,29,-5900,2,100,3,0,2,0
2026-04-03,Rolling 3 Months,2026-01-01,2026-03-31,City,"Mark, IL",1,NA,29900,NA,11,NA,2,100,2,-33.33,2,0
2026-04-03,Rolling 3 Months,2026-01-01,2026-03-31,City,"Blue Mound, IL",1,0,121500,1.25,100,6500,2,100,5,150,2,100
2026-04-03,Rolling 3 Months,2026-01-01,2026-03-31,City,"Creal Springs, IL",1,NA,283000,NA,65,NA,2,NA,3,200,2,NA
2026-04-03,Rolling 3 Months,2026-01-01,2026-03-31,City,"Stanford, IL",1,-50,180000,27.66,95,2400,2,0,4,-20,4,100
2026-04-03,Rolling 3 Months,2026-01-01,2026-03-31,City,"Winslow, IL",1,0,210000,208.82,270,11700,2,NA,3,NA,1,NA
2026-04-03,Rolling 3 Months,2026-01-01,2026-03-31,City,"Coyne Center, IL",1,NA,71180,NA,7,NA,2,100,3,200,1,NA
2026-04-03,Rolling 3 Months,2026-01-01,2026-03-31,City,"Greenfield, IL",1,NA,90000,NA,28,NA,2,100,3,-25,1,-66.67
2026-04-03,Rolling 3 Months,2026-01-01,2026-03-31,City,"Preemption, IL",1,NA,157500,NA,372,NA,2,100,3,50,2,NA
2026-04-03,Rolling 3 Months,2026-01-01,2026-03-31,City,"Norwood, IL",1,0,155000,91.36,38,-8800,2,NA,2,100,1,0
2026-04-03,Rolling 3 Months,2026-01-01,2026-03-31,City,"Verona, IL",1,NA,240000,NA,48,NA,2,NA,2,NA,1,NA
2026-04-03,Rolling 3 Months,2026-01-01,2026-03-31,City,"Woodson, IL",1,0,173000,23.57,4,-3600,2,100,2,100,3,NA
2026-04-03,Rolling 3 Months,2026-01-01,2026-03-31,City,"South Pekin, IL",1,-50,85500,50,36,-1150,2,0,3,0,2,100
2026-04-03,Rolling 3 Months,2026-01-01,2026-03-31,City,"Alto Pass, IL",1,0,21000,-82.79,39,-9300,2,100,4,100,3,200
2026-04-03,Rolling 3 Months,2026-01-01,2026-03-31,City,"Allendale, IL",1,NA,158000,NA,21,NA,2,NA,2,NA,2,NA
2026-04-03,Rolling 3 Months,2026-01-01,2026-03-31,City,"Ludlow, IL",1,-50,74500,24.17,106,7150,2,100,3,200,3,NA
2026-04-03,Rolling 3 Months,2026-01-01,2026-03-31,City,"Stronghurst, IL",1,0,180000,200,39,1200,2,100,6,100,2,100
2026-04-03,Rolling 3 Months,2026-01-01,2026-03-31,City,"Reynolds, IL",2,NA,153750,NA,33,NA,2,0,2,-50,2,100
2026-04-03,Rolling 3 Months,2026-01-01,2026-03-31,City,"Orangeville, IL",2,0,175000,-2.78,149,1550,2,NA,5,150,2,NA
2026-04-03,Rolling 3 Months,2026-01-01,2026-03-31,City,"Buffalo, IL",2,NA,150000,NA,3,NA,2,0,3,50,2,NA
2026-04-03,Rolling 3 Months,2026-01-01,2026-03-31,City,"Arthur, IL",2,100,139998,-6.61,7,-21700,2,NA,3,50,2,100
2026-04-03,Rolling 3 Months,2026-01-01,2026-03-31,City,"Wapella, IL",2,100,159000,76.47,22,-8850,2,100,2,-33.33,2,0
2026-04-03,Rolling 3 Months,2026-01-01,2026-03-31,City,"Raymond, IL",2,100,256500,16.59,74,5050,2,NA,6,500,3,NA
2026-04-03,Rolling 3 Months,2026-01-01,2026-03-31,City,"Hopedale, IL",2,100,206000,58.46,64,6100,2,0,2,0,1,-50
2026-04-03,Rolling 3 Months,2026-01-01,2026-03-31,City,"Ellis Grove, IL",2,100,86000,94.57,61,-6350,2,100,3,200,2,100
2026-04-03,Rolling 3 Months,2026-01-01,2026-03-31,City,"Sunnyland, IL",2,NA,241500,NA,41,NA,2,0,4,33.33,3,50
2026-04-03,Rolling 3 Months,2026-01-01,2026-03-31,City,"Elizabeth, IL",2,-33.33,97500,-48.41,59,-3500,2,100,5,66.67,3,50
2026-04-03,Rolling 3 Months,2026-01-01,2026-03-31,City,"Olney, IL",2,0,120250,68.77,105,5650,2,100,8,33.33,4,300
2026-04-03,Rolling 3 Months,2026-01-01,2026-03-31,City,"Witt, IL",2,0,84500,33.07,31,-1450,2,0,8,60,1,0
2026-04-03,Rolling 3 Months,2026-01-01,2026-03-31,City,"Hecker, IL",2,NA,131000,NA,61,NA,2,NA,4,NA,2,NA
2026-04-03,Rolling 3 Months,2026-01-01,2026-03-31,City,"Shawneetown, IL",2,NA,24500,NA,51,NA,2,NA,4,300,1,NA
2026-04-03,Rolling 3 Months,2026-01-01,2026-03-31,City,"Newman, IL",2,-33.33,24750,-76.43,71,3000,2,-50,4,-42.86,3,50
2026-04-03,Rolling 3 Months,2026-01-01,2026-03-31,City,"Melvin, IL",2,100,143750,141.6,46,-1600,2,-33.33,5,66.67,3,200
2026-04-03,Rolling 3 Months,2026-01-01,2026-03-31,City,"Marine, IL",2,-50,311500,60.77,219,20250,2,-75,5,-44.44,4,-20
2026-04-03,Rolling 3 Months,2026-01-01,2026-03-31,City,"Westfield, IL",2,NA,47200,NA,68,NA,2,NA,5,NA,2,NA
2026-04-03,Rolling 3 Months,2026-01-01,2026-03-31,City,"Hammond, IL",2,0,147500,45.32,101,-5300,2,100,4,33.33,4,100
2026-04-03,Rolling 3 Months,2026-01-01,2026-03-31,City,"Potomac, IL",2,100,54500,-56.83,253,23850,2,100,3,200,2,100
2026-04-03,Rolling 3 Months,2026-01-01,2026-03-31,City,"Stillman Valley, IL",2,-50,214000,15.05,58,1950,2,-66.67,4,-50,2,-60
2026-04-03,Rolling 3 Months,2026-01-01,2026-03-31,City,"Kansas, IL",2,NA,87625,NA,85,NA,2,-33.33,4,33.33,2,NA
2026-04-03,Rolling 3 Months,2026-01-01,2026-03-31,City,"Illiopolis, IL",2,100,172500,106.59,56,-1850,2,100,4,33.33,4,100
2026-04-03,Rolling 3 Months,2026-01-01,2026-03-31,City,"Macon, IL",2,NA,160000,NA,121,NA,2,-33.33,3,-25,1,0
2026-04-03,Rolling 3 Months,2026-01-01,2026-03-31,City,"Zeigler, IL",2,-50,71250,42.5,42,-13050,2,100,5,0,2,-33.33
2026-04-03,Rolling 3 Months,2026-01-01,2026-03-31,City,"Morrisonville, IL",2,NA,146000,NA,216,NA,2,-33.33,4,0,4,NA
2026-04-03,Rolling 3 Months,2026-01-01,2026-03-31,City,"Forest View, IL",2,0,300000,1.69,77,3600,2,-33.33,4,-33.33,4,100
2026-04-03,Rolling 3 Months,2026-01-01,2026-03-31,City,"La Moille, IL",2,NA,152500,NA,48,NA,2,100,3,200,2,NA
2026-04-03,Rolling 3 Months,2026-01-01,2026-03-31,City,"Minonk, IL",2,-50,262500,81.03,104,4900,2,-66.67,4,-63.64,2,-60
2026-04-03,Rolling 3 Months,2026-01-01,2026-03-31,City,"Bellevue, IL",2,-33.33,86500,-70.17,51,-1500,2,-60,5,-37.5,4,-42.86
2026-04-03,Rolling 3 Months,2026-01-01,2026-03-31,City,"Odin, IL",3,50,95750,45.19,50,-9400,2,0,6,20,3,200
2026-04-03,Rolling 3 Months,2026-01-01,2026-03-31,City,"Rushville, IL",3,200,105000,-16,141,-3700,2,100,9,200,3,50
2026-04-03,Rolling 3 Months,2026-01-01,2026-03-31,City,"Mitchell, IL",3,0,70000,-3.23,71,400,2,-50,4,-42.86,3,0
2026-04-03,Rolling 3 Months,2026-01-01,2026-03-31,City,"Cuba, IL",3,200,72000,20,57,-1200,2,-33.33,4,-33.33,1,-75
2026-04-03,Rolling 3 Months,2026-01-01,2026-03-31,City,"Mackinaw, IL",3,-25,170000,-9.31,113,8000,2,-33.33,7,0,6,20
2026-04-03,Rolling 3 Months,2026-01-01,2026-03-31,City,"White Hall, IL",3,0,84900,-19.14,58,-3000,2,0,7,75,2,-33.33
2026-04-03,Rolling 3 Months,2026-01-01,2026-03-31,City,"Burlington, IL",3,200,240000,-20,26,500,2,-33.33,3,-25,2,0
2026-04-03,Rolling 3 Months,2026-01-01,2026-03-31,City,"Argenta, IL",3,50,123000,-19.32,26,-1900,2,-50,5,-16.67,2,-50
2026-04-03,Rolling 3 Months,2026-01-01,2026-03-31,City,"Hoyleton, IL",3,200,90000,11.8,134,10300,2,0,4,100,4,100
2026-04-03,Rolling 3 Months,2026-01-01,2026-03-31,City,"Sidney, IL",3,-62.5,199000,15.36,36,-3550,2,-50,7,-41.67,4,-50
2026-04-03,Rolling 3 Months,2026-01-01,2026-03-31,City,"Joy, IL",3,50,80000,-34.96,68,5200,2,0,5,25,4,100
2026-04-03,Rolling 3 Months,2026-01-01,2026-03-31,City,"Alpha, IL",3,50,100000,-35.69,58,-1000,2,NA,5,400,4,300
2026-04-03,Rolling 3 Months,2026-01-01,2026-03-31,City,"Elkville, IL",4,100,82500,-19.9,230,11000,2,0,7,16.67,5,66.67
2026-04-03,Rolling 3 Months,2026-01-01,2026-03-31,City,"St. Elmo, IL",4,100,63000,-15.44,133,8500,2,0,11,120,5,150
2026-04-03,Rolling 3 Months,2026-01-01,2026-03-31,City,"Lost Nation, IL",4,0,430000,46.76,76,1200,2,-66.67,5,-28.57,2,-60
2026-04-03,Rolling 3 Months,2026-01-01,2026-03-31,City,"New Berlin, IL",4,33.33,165250,-19.39,18,-2500,2,100,3,0,1,-66.67
2026-04-03,Rolling 3 Months,2026-01-01,2026-03-31,City,"Colchester, IL",4,100,62375,-9.54,31,-12000,2,0,8,33.33,4,300
2026-04-03,Rolling 3 Months,2026-01-01,2026-03-31,City,"Matherville, IL",4,100,157450,133.47,49,-8850,2,100,4,100,4,100
2026-04-03,Rolling 3 Months,2026-01-01,2026-03-31,City,"Lake of the Woods, IL",4,-20,200750,-6.63,60,1950,2,-60,8,14.29,2,-60
2026-04-03,Rolling 3 Months,2026-01-01,2026-03-31,City,"Danvers, IL",5,400,185000,-22.92,45,-1900,2,-60,5,-28.57,4,-42.86
2026-04-03,Rolling 3 Months,2026-01-01,2026-03-31,City,"Milledgeville, IL",5,150,127500,-5.49,142,13600,2,-60,9,28.57,5,0
2026-04-03,Rolling 3 Months,2026-01-01,2026-03-31,City,"Arbury Hills, IL",5,150,305000,1.67,82,-300,2,-71.43,6,-25,4,-33.33
2026-04-03,Rolling 3 Months,2026-01-01,2026-03-31,City,"North Pekin, IL",6,100,113000,-9.6,73,5900,2,-60,6,-14.29,5,0
2026-04-03,Rolling 3 Months,2026-01-01,2026-03-31,City,"Hampton, IL",7,16.67,195000,11.43,49,-3600,2,-50,11,0,9,12.5
2026-04-03,Rolling 3 Months,2026-01-01,2026-03-31,City,"Port Barrington, IL",NA,NA,NA,NA,NA,NA,2,-66.67,3,-76.92,1,-83.33
2026-04-03,Rolling 3 Months,2026-01-01,2026-03-31,City,"Dover, IL",NA,NA,NA,NA,NA,NA,2,NA,2,100,1,0
2026-04-03,Rolling 3 Months,2026-01-01,2026-03-31,City,"Broadwell, IL",NA,NA,NA,NA,NA,NA,2,NA,2,100,NA,NA
2026-04-03,Rolling 3 Months,2026-01-01,2026-03-31,City,"Keithsburg, IL",NA,NA,NA,NA,NA,NA,2,NA,2,100,2,NA
2026-04-03,Rolling 3 Months,2026-01-01,2026-03-31,City,"Middletown, IL",NA,NA,NA,NA,NA,NA,2,NA,2,100,NA,NA
2026-04-03,Rolling 3 Months,2026-01-01,2026-03-31,City,"Edinburg, IL",NA,NA,NA,NA,NA,NA,2,-33.33,4,-20,1,0
2026-04-03,Rolling 3 Months,2026-01-01,2026-03-31,City,"Rosemont, IL",NA,NA,NA,NA,NA,NA,2,-33.33,2,-60,1,-80
2026-04-03,Rolling 3 Months,2026-01-01,2026-03-31,City,"Oquawka, IL",NA,NA,NA,NA,NA,NA,2,100,2,-50,NA,NA
2026-04-03,Rolling 3 Months,2026-01-01,2026-03-31,City,"Garden Prairie, IL",NA,NA,NA,NA,NA,NA,2,NA,2,100,2,NA
2026-04-03,Rolling 3 Months,2026-01-01,2026-03-31,City,"East Carondelet, IL",NA,NA,NA,NA,NA,NA,2,100,2,0,NA,NA
2026-04-03,Rolling 3 Months,2026-01-01,2026-03-31,City,"Pocahontas, IL",NA,NA,NA,NA,NA,NA,2,0,2,-50,2,-33.33
2026-04-03,Rolling 3 Months,2026-01-01,2026-03-31,City,"Seymour, IL",NA,NA,NA,NA,NA,NA,2,100,2,100,1,NA
2026-04-03,Rolling 3 Months,2026-01-01,2026-03-31,City,"Goodfield, IL",NA,NA,NA,NA,NA,NA,2,0,2,0,1,-50
2026-04-03,Rolling 3 Months,2026-01-01,2026-03-31,City,"Bowen, IL",NA,NA,NA,NA,NA,NA,2,NA,2,NA,2,NA
2026-04-03,Rolling 3 Months,2026-01-01,2026-03-31,City,"Oneida, IL",NA,NA,NA,NA,NA,NA,2,NA,3,NA,NA,NA
2026-04-03,Rolling 3 Months,2026-01-01,2026-03-31,City,"Camargo, IL",NA,NA,NA,NA,NA,NA,2,NA,3,NA,2,NA
2026-04-03,Rolling 3 Months,2026-01-01,2026-03-31,City,"Onarga, IL",NA,NA,NA,NA,NA,NA,2,0,2,-66.67,2,0
2026-04-03,Rolling 3 Months,2026-01-01,2026-03-31,City,"Barry, IL",NA,NA,NA,NA,NA,NA,2,100,2,0,NA,NA
2026-04-03,Rolling 3 Months,2026-01-01,2026-03-31,City,"Bismarck, IL",NA,NA,NA,NA,NA,NA,2,NA,3,-25,NA,NA
2026-04-03,Rolling 3 Months,2026-01-01,2026-03-31,City,"Strasburg, IL",NA,NA,NA,NA,NA,NA,2,0,2,-33.33,1,-66.67
2026-04-03,Rolling 3 Months,2026-01-01,2026-03-31,City,"Roodhouse, IL",NA,NA,NA,NA,NA,NA,2,-33.33,4,0,1,-50
2026-04-03,Rolling 3 Months,2026-01-01,2026-03-31,City,"Sawyerville, IL",NA,NA,NA,NA,NA,NA,2,100,3,200,NA,NA
2026-04-03,Rolling 3 Months,2026-01-01,2026-03-31,City,"Leaf River, IL",NA,NA,NA,NA,NA,NA,2,-60,2,-75,1,-80
2026-04-03,Rolling 3 Months,2026-01-01,2026-03-31,City,"Pesotum, IL",NA,NA,NA,NA,NA,NA,2,100,3,200,1,0
2026-04-03,Rolling 3 Months,2026-01-01,2026-03-31,City,"McNabb, IL",NA,NA,NA,NA,NA,NA,2,100,2,100,1,NA
2026-04-03,Rolling 3 Months,2026-01-01,2026-03-31,City,"Bridgeport, IL",NA,NA,NA,NA,NA,NA,2,NA,3,50,2,0
2026-04-03,Rolling 3 Months,2026-01-01,2026-03-31,City,"Countryside, IL",11,22.22,346000,-6.49,55,1300,21,90.91,30,42.86,17,41.67
2026-04-03,Rolling 3 Months,2026-01-01,2026-03-31,City,"Lake Holiday, IL",12,-14.29,410000,3.14,40,-400,21,0,30,-6.25,15,-21.05
2026-04-03,Rolling 3 Months,2026-01-01,2026-03-31,City,"Kewanee, IL",14,-63.16,89500,2.58,73,1650,21,-19.23,38,-34.48,23,-39.47
2026-04-03,Rolling 3 Months,2026-01-01,2026-03-31,City,"Murphysboro, IL",16,45.45,107600,13.26,81,2100,21,23.53,51,10.87,29,93.33
2026-04-03,Rolling 3 Months,2026-01-01,2026-03-31,City,"Clinton, IL",17,13.33,140000,12,71,200,21,40,36,28.57,24,41.18
2026-04-03,Rolling 3 Months,2026-01-01,2026-03-31,City,"Itasca, IL",17,70,420000,7.01,80,3450,21,-19.23,33,-21.43,21,5
2026-04-03,Rolling 3 Months,2026-01-01,2026-03-31,City,"Staunton, IL",20,42.86,163975,20.13,71,-2600,21,16.67,46,15,27,17.39
2026-04-03,Rolling 3 Months,2026-01-01,2026-03-31,City,"Columbia, IL",21,0,270000,-6.9,43,800,21,-8.7,37,-5.13,26,0
2026-04-03,Rolling 3 Months,2026-01-01,2026-03-31,City,"Lake Bluff, IL",25,66.67,1200000,88.98,40,-3700,21,-40,32,-37.25,27,8
2026-04-03,Rolling 3 Months,2026-01-01,2026-03-31,City,"Winthrop Harbor, IL",8,-61.9,275000,6.18,61,1350,21,-22.22,29,-23.68,16,-23.81
2026-04-03,Rolling 3 Months,2026-01-01,2026-03-31,City,"University Park, IL",11,-21.43,140000,-6.09,85,800,24,-27.27,47,-18.97,23,-8
2026-04-03,Rolling 3 Months,2026-01-01,2026-03-31,City,"Braidwood, IL",17,-5.56,225000,-10.36,111,6150,24,20,54,1.89,28,40
2026-04-03,Rolling 3 Months,2026-01-01,2026-03-31,City,"Inverness, IL",20,11.11,843000,-4.69,94,4000,24,-33.33,45,-8.16,25,-19.35
2026-04-03,Rolling 3 Months,2026-01-01,2026-03-31,City,"Bensenville, IL",21,61.54,335000,8.06,59,300,24,20,43,19.44,23,27.78
2026-04-03,Rolling 3 Months,2026-01-01,2026-03-31,City,"Manteno, IL",22,46.67,310000,-3.13,59,-1500,24,20,42,7.69,26,44.44
2026-04-03,Rolling 3 Months,2026-01-01,2026-03-31,City,"Galena, IL",22,340,168350,-37.18,64,-2600,24,100,46,17.95,26,136.36
2026-04-03,Rolling 3 Months,2026-01-01,2026-03-31,City,"Watseka, IL",9,-30.77,97000,-9.45,45,-5300,24,60,51,34.21,20,-4.76
2026-04-03,Rolling 3 Months,2026-01-01,2026-03-31,City,"Peoria Heights, IL",11,-45,143000,1.24,68,1800,26,13.04,38,2.7,17,-19.05
2026-04-03,Rolling 3 Months,2026-01-01,2026-03-31,City,"Greenville, IL",11,-8.33,145000,23.93,80,100,26,116.67,41,32.26,21,75
2026-04-03,Rolling 3 Months,2026-01-01,2026-03-31,City,"Lakemoor, IL",12,-40,333500,30.78,47,-450,26,-23.53,35,-28.57,26,-16.13
2026-04-03,Rolling 3 Months,2026-01-01,2026-03-31,City,"Barrington Hills, IL",13,8.33,800000,-37.25,47,-8750,26,18.18,49,-15.52,21,90.91
2026-04-03,Rolling 3 Months,2026-01-01,2026-03-31,City,"Harvard, IL",15,-6.25,279900,21.56,57,850,26,23.81,37,5.71,25,-10.71
2026-04-03,Rolling 3 Months,2026-01-01,2026-03-31,City,"Chillicothe, IL",15,50,142250,24.51,25,-1400,26,160,43,230.77,24,140
2026-04-03,Rolling 3 Months,2026-01-01,2026-03-31,City,"Litchfield, IL",16,6.67,134500,63.03,57,-950,26,52.94,49,28.95,25,19.05
2026-04-03,Rolling 3 Months,2026-01-01,2026-03-31,City,"Long Grove, IL",17,0,870000,-9.38,93,1000,26,-23.53,47,0,21,-8.7
2026-04-03,Rolling 3 Months,2026-01-01,2026-03-31,City,"Gilberts, IL",21,61.54,405000,19.29,82,2200,26,-21.21,45,4.65,26,-18.75
2026-04-03,Rolling 3 Months,2026-01-01,2026-03-31,City,"Pontiac, IL",22,4.76,143500,7.89,59,2300,26,0,52,18.18,36,56.52
2026-04-03,Rolling 3 Months,2026-01-01,2026-03-31,City,"Cedarville, IL",1,-66.67,140000,-15.15,150,8700,3,NA,5,25,2,-33.33
2026-04-03,Rolling 3 Months,2026-01-01,2026-03-31,City,"Grafton, IL",1,0,235000,3.52,NA,NA,3,50,12,50,4,100
2026-04-03,Rolling 3 Months,2026-01-01,2026-03-31,City,"Hardin, IL",1,NA,177000,NA,44,NA,3,50,7,75,3,200
2026-04-03,Rolling 3 Months,2026-01-01,2026-03-31,City,"Odell, IL",1,-75,305000,55.41,209,16650,3,-50,5,-44.44,1,-85.71
2026-04-03,Rolling 3 Months,2026-01-01,2026-03-31,City,"Indianola, IL",1,NA,16000,NA,40,NA,3,200,3,200,3,200
2026-04-03,Rolling 3 Months,2026-01-01,2026-03-31,City,"Carrier Mills, IL",1,0,36500,-18.89,84,3500,3,0,9,28.57,5,150
2026-04-03,Rolling 3 Months,2026-01-01,2026-03-31,City,"Ringwood, IL",1,NA,274900,NA,40,NA,3,200,3,200,1,NA
2026-04-03,Rolling 3 Months,2026-01-01,2026-03-31,City,"Galva, IL",1,-88.89,95000,9.83,0,-16000,3,200,6,-40,4,-50
2026-04-03,Rolling 3 Months,2026-01-01,2026-03-31,City,"Orion, IL",1,-50,220000,20.38,87,5800,3,200,5,66.67,1,-66.67
2026-04-03,Rolling 3 Months,2026-01-01,2026-03-31,City,"Nokomis, IL",1,-80,125000,-26.47,59,300,3,-25,13,44.44,2,-66.67
2026-04-03,Rolling 3 Months,2026-01-01,2026-03-31,City,"Forrest, IL",1,0,120000,-18.37,63,2700,3,0,5,25,2,-33.33
2026-04-03,Rolling 3 Months,2026-01-01,2026-03-31,City,"Warren, IL",1,-75,230000,105.36,202,13850,3,50,3,-57.14,1,-80
2026-04-03,Rolling 3 Months,2026-01-01,2026-03-31,City,"Stewardson, IL",1,NA,170000,NA,0,NA,3,200,3,200,2,100
2026-04-03,Rolling 3 Months,2026-01-01,2026-03-31,City,"New Boston, IL",1,0,135000,-30.73,37,-9600,3,50,4,33.33,1,0
2026-04-03,Rolling 3 Months,2026-01-01,2026-03-31,City,"Pleasant Hill, IL",1,-50,44000,-39.31,268,16450,3,-40,6,-25,3,-57.14
2026-04-03,Rolling 3 Months,2026-01-01,2026-03-31,City,"Piper City, IL",1,0,75000,20,79,-7500,3,NA,5,400,4,NA
2026-04-03,Rolling 3 Months,2026-01-01,2026-03-31,City,"Ashton, IL",1,NA,166000,NA,176,NA,3,0,4,0,2,100
2026-04-03,Rolling 3 Months,2026-01-01,2026-03-31,City,"Mounds, IL",1,-50,59000,1034.62,52,-3650,3,200,4,0,NA,NA
2026-04-03,Rolling 3 Months,2026-01-01,2026-03-31,City,"Venice, IL",1,NA,4500,NA,38,NA,3,50,6,100,3,200
2026-04-03,Rolling 3 Months,2026-01-01,2026-03-31,City,"Winchester, IL",1,-50,147000,50.85,12,-26700,3,200,4,300,2,100
2026-04-03,Rolling 3 Months,2026-01-01,2026-03-31,City,"Elkhart, IL",1,-50,120000,-27.93,35,3100,3,50,3,50,NA,NA
2026-04-03,Rolling 3 Months,2026-01-01,2026-03-31,City,"Malta, IL",10,233.33,300498,109.41,79,4600,3,-50,12,-36.84,7,-41.67
2026-04-03,Rolling 3 Months,2026-01-01,2026-03-31,City,"West Union, IL",2,NA,78500,NA,24,NA,3,NA,3,NA,3,NA
2026-04-03,Rolling 3 Months,2026-01-01,2026-03-31,City,"Waynesville, IL",2,NA,85500,NA,7,NA,3,200,3,200,3,NA
2026-04-03,Rolling 3 Months,2026-01-01,2026-03-31,City,"Oreana, IL",2,-50,129000,-8.51,21,-1950,3,50,3,-40,2,-33.33
2026-04-03,Rolling 3 Months,2026-01-01,2026-03-31,City,"Farmersville, IL",2,NA,193500,NA,41,NA,3,NA,3,NA,3,NA
2026-04-03,Rolling 3 Months,2026-01-01,2026-03-31,City,"Shannon, IL",2,0,131250,82.29,39,2350,3,0,4,0,4,33.33
2026-04-03,Rolling 3 Months,2026-01-01,2026-03-31,City,"Essex, IL",2,100,242500,-13.39,130,4300,3,50,6,100,2,0
2026-04-03,Rolling 3 Months,2026-01-01,2026-03-31,City,"Edgington, IL",2,NA,79500,NA,2,NA,3,NA,3,NA,2,NA
2026-04-03,Rolling 3 Months,2026-01-01,2026-03-31,City,"Lexington, IL",2,-50,176834,-26.4,21,-1950,3,200,3,-40,2,0
2026-04-03,Rolling 3 Months,2026-01-01,2026-03-31,City,"Buckley, IL",2,NA,90000,NA,105,NA,3,200,6,500,4,NA
2026-04-03,Rolling 3 Months,2026-01-01,2026-03-31,City,"Indian Creek, IL",2,0,500000,-37.81,107,-5050,3,200,4,0,2,0
2026-04-03,Rolling 3 Months,2026-01-01,2026-03-31,City,"New Athens, IL",2,-60,87334,-43.53,109,5100,3,50,5,0,3,-50
2026-04-03,Rolling 3 Months,2026-01-01,2026-03-31,City,"Moweaqua, IL",2,-33.33,126000,-13.1,125,12100,3,-25,10,66.67,5,66.67
2026-04-03,Rolling 3 Months,2026-01-01,2026-03-31,City,"Hurst, IL",2,NA,112500,NA,71,NA,3,0,7,133.33,2,NA
2026-04-03,Rolling 3 Months,2026-01-01,2026-03-31,City,"Pittsfield, IL",3,0,185000,208.85,239,12500,3,50,7,16.67,3,0
2026-04-03,Rolling 3 Months,2026-01-01,2026-03-31,City,"Golden, IL",3,200,168500,60.48,50,-7200,3,NA,4,33.33,4,100
2026-04-03,Rolling 3 Months,2026-01-01,2026-03-31,City,"Big Rock, IL",3,50,395000,36.92,59,1200,3,0,5,66.67,3,0
2026-04-03,Rolling 3 Months,2026-01-01,2026-03-31,City,"Lockport Heights, IL",3,0,290000,-4.92,43,-200,3,0,3,-50,3,-25
2026-04-03,Rolling 3 Months,2026-01-01,2026-03-31,City,"Herscher, IL",3,-25,210000,33.38,79,850,3,-50,7,-41.67,3,-62.5
2026-04-03,Rolling 3 Months,2026-01-01,2026-03-31,City,"Wilsonville, IL",3,50,69000,-26.16,43,-1250,3,0,8,33.33,3,50
2026-04-03,Rolling 3 Months,2026-01-01,2026-03-31,City,"Washburn, IL",3,NA,160000,NA,24,NA,3,200,4,100,3,200
2026-04-03,Rolling 3 Months,2026-01-01,2026-03-31,City,"Harristown, IL",3,0,88270,-64.68,25,-3500,3,0,6,20,6,200
2026-04-03,Rolling 3 Months,2026-01-01,2026-03-31,City,"McLean, IL",3,50,155000,-19.48,32,-200,3,-25,4,-42.86,3,-25
2026-04-03,Rolling 3 Months,2026-01-01,2026-03-31,City,"Rockdale, IL",3,50,241200,26.95,60,2600,3,-25,6,20,3,50
2026-04-03,Rolling 3 Months,2026-01-01,2026-03-31,City,"Union, IL",3,200,274500,76.53,43,-1000,3,50,5,66.67,4,33.33
2026-04-03,Rolling 3 Months,2026-01-01,2026-03-31,City,"Henry, IL",3,-25,135000,-11.04,10,-4600,3,0,4,-63.64,4,0
2026-04-03,Rolling 3 Months,2026-01-01,2026-03-31,City,"Hillcrest, IL",3,200,150000,-45.26,47,-7200,3,200,5,150,5,150
2026-04-03,Rolling 3 Months,2026-01-01,2026-03-31,City,"Roberts, IL",3,200,120000,14.29,120,-5100,3,0,6,50,2,-33.33
2026-04-03,Rolling 3 Months,2026-01-01,2026-03-31,City,"Divernon, IL",3,-25,180000,57.21,43,2300,3,-50,5,-37.5,3,-25
2026-04-03,Rolling 3 Months,2026-01-01,2026-03-31,City,"Pearl City, IL",3,200,90000,-66.65,14,-4700,3,50,5,25,3,50
2026-04-03,Rolling 3 Months,2026-01-01,2026-03-31,City,"Bonnie Brae, IL",3,0,273000,16.17,44,-2400,3,50,4,0,2,-33.33
2026-04-03,Rolling 3 Months,2026-01-01,2026-03-31,City,"Rossville, IL",3,200,139000,-13.12,64,-4200,3,-40,5,-44.44,4,-33.33
2026-04-03,Rolling 3 Months,2026-01-01,2026-03-31,City,"Windsor, IL",3,NA,72500,NA,42,NA,3,200,6,100,4,300
2026-04-03,Rolling 3 Months,2026-01-01,2026-03-31,City,"Gilman, IL",3,50,216000,-1.03,113,-1400,3,-25,11,22.22,4,-20
2026-04-03,Rolling 3 Months,2026-01-01,2026-03-31,City,"Knoxville, IL",3,200,236000,227.78,3,-11300,3,-66.67,6,-50,2,-60
2026-04-03,Rolling 3 Months,2026-01-01,2026-03-31,City,"Heritage Lake, IL",4,0,243750,-22.25,48,-1050,3,-57.14,5,-44.44,3,-40
2026-04-03,Rolling 3 Months,2026-01-01,2026-03-31,City,"Walnut, IL",4,300,115500,52.98,132,1500,3,NA,7,600,6,500
2026-04-03,Rolling 3 Months,2026-01-01,2026-03-31,City,"Prairie du Rocher, IL",4,300,82500,27.58,66,3050,3,NA,5,400,2,100
2026-04-03,Rolling 3 Months,2026-01-01,2026-03-31,City,"Aroma Park, IL",4,100,230000,204.64,73,6000,3,200,8,166.67,4,33.33
2026-04-03,Rolling 3 Months,2026-01-01,2026-03-31,City,"Nashville, IL",4,-55.56,208750,19.29,124,5800,3,-66.67,9,-52.63,4,-66.67
2026-04-03,Rolling 3 Months,2026-01-01,2026-03-31,City,"Albany, IL",4,0,105500,-47.9,87,4200,3,50,10,233.33,6,50
2026-04-03,Rolling 3 Months,2026-01-01,2026-03-31,City,"Pawnee, IL",4,-33.33,199500,13.19,36,250,3,50,4,-20,4,0
2026-04-03,Rolling 3 Months,2026-01-01,2026-03-31,City,"Waverly, IL",4,-20,107500,83.76,84,6150,3,-25,6,0,2,-66.67
2026-04-03,Rolling 3 Months,2026-01-01,2026-03-31,City,"Goreville, IL",4,300,115000,-16.67,161,15900,3,-57.14,10,-16.67,6,50
2026-04-03,Rolling 3 Months,2026-01-01,2026-03-31,City,"Athens, IL",5,-44.44,184900,27.3,5,-3850,3,-57.14,6,-50,5,-37.5
2026-04-03,Rolling 3 Months,2026-01-01,2026-03-31,City,"Winnebago, IL",7,-12.5,191000,-24.36,67,2600,3,-57.14,7,-46.15,6,-45.45
2026-04-03,Rolling 3 Months,2026-01-01,2026-03-31,City,"Merrionette Park, IL",8,300,235000,48.26,76,-250,3,-66.67,10,0,2,-66.67
2026-04-03,Rolling 3 Months,2026-01-01,2026-03-31,City,"Ashmore, IL",NA,NA,NA,NA,NA,NA,3,50,5,0,NA,NA
2026-04-03,Rolling 3 Months,2026-01-01,2026-03-31,City,"Bradford, IL",NA,NA,NA,NA,NA,NA,3,NA,3,NA,NA,NA
2026-04-03,Rolling 3 Months,2026-01-01,2026-03-31,City,"Energy, IL",NA,NA,NA,NA,NA,NA,3,0,3,-25,1,0
2026-04-03,Rolling 3 Months,2026-01-01,2026-03-31,City,"Naplate, IL",NA,NA,NA,NA,NA,NA,3,50,3,-40,1,-80
2026-04-03,Rolling 3 Months,2026-01-01,2026-03-31,City,"Kingston, IL",NA,NA,NA,NA,NA,NA,3,-50,3,-62.5,1,-83.33
2026-04-03,Rolling 3 Months,2026-01-01,2026-03-31,City,"McLeansboro, IL",NA,NA,NA,NA,NA,NA,3,-50,8,-33.33,2,-33.33
2026-04-03,Rolling 3 Months,2026-01-01,2026-03-31,City,"Hanover, IL",NA,NA,NA,NA,NA,NA,3,200,5,150,2,100
2026-04-03,Rolling 3 Months,2026-01-01,2026-03-31,City,"Wataga, IL",NA,NA,NA,NA,NA,NA,3,-40,3,-57.14,1,-75
2026-04-03,Rolling 3 Months,2026-01-01,2026-03-31,City,"Blandinsville, IL",NA,NA,NA,NA,NA,NA,3,NA,5,150,3,200
2026-04-03,Rolling 3 Months,2026-01-01,2026-03-31,City,"East Lynn, IL",NA,NA,NA,NA,NA,NA,3,200,3,200,2,100
2026-04-03,Rolling 3 Months,2026-01-01,2026-03-31,City,"Deer Creek, IL",NA,NA,NA,NA,NA,NA,3,50,3,0,NA,NA
2026-04-03,Rolling 3 Months,2026-01-01,2026-03-31,City,"Table Grove, IL",NA,NA,NA,NA,NA,NA,3,NA,5,NA,1,NA
2026-04-03,Rolling 3 Months,2026-01-01,2026-03-31,City,"Chrisman, IL",NA,NA,NA,NA,NA,NA,3,0,6,100,5,66.67
2026-04-03,Rolling 3 Months,2026-01-01,2026-03-31,City,"Modesto, IL",NA,NA,NA,NA,NA,NA,3,200,3,50,3,NA
2026-04-03,Rolling 3 Months,2026-01-01,2026-03-31,City,"Lenzburg, IL",NA,NA,NA,NA,NA,NA,3,200,3,50,NA,NA
2026-04-03,Rolling 3 Months,2026-01-01,2026-03-31,City,"German Valley, IL",NA,NA,NA,NA,NA,NA,3,0,3,-25,1,-66.67
2026-04-03,Rolling 3 Months,2026-01-01,2026-03-31,City,"Paris, IL",17,30.77,77000,-9.41,67,4600,30,30.43,58,48.72,30,30.43
2026-04-03,Rolling 3 Months,2026-01-01,2026-03-31,City,"Northfield, IL",19,5.56,770000,-17.03,63,3000,30,-11.76,38,-7.32,26,4
2026-04-03,Rolling 3 Months,2026-01-01,2026-03-31,City,"West Frankfort, IL",19,-24,90000,13.92,104,2100,30,0,65,-2.99,35,52.17
2026-04-03,Rolling 3 Months,2026-01-01,2026-03-31,City,"Island Lake, IL",21,5,286500,13.24,39,-500,30,15.38,41,5.13,30,11.11
2026-04-03,Rolling 3 Months,2026-01-01,2026-03-31,City,"Flossmoor, IL",21,-27.59,265000,-18.96,88,3100,30,-34.78,68,-13.92,39,-11.36
2026-04-03,Rolling 3 Months,2026-01-01,2026-03-31,City,"Bethalto, IL",25,25,170000,-6.85,62,2500,30,-3.23,56,36.59,35,16.67
2026-04-03,Rolling 3 Months,2026-01-01,2026-03-31,City,"Calumet Park, IL",13,-27.78,159000,0.92,98,1650,33,10,56,-11.11,19,-26.92
2026-04-03,Rolling 3 Months,2026-01-01,2026-03-31,City,"La Grange Park, IL",13,-61.76,560000,15.46,31,-1250,33,-13.16,38,-38.71,28,-26.32
2026-04-03,Rolling 3 Months,2026-01-01,2026-03-31,City,"Elburn, IL",17,-5.56,415000,6.55,44,-4000,33,26.92,41,-19.61,31,-3.13
2026-04-03,Rolling 3 Months,2026-01-01,2026-03-31,City,"West Chicago, IL",17,-50,325000,-6.47,49,50,33,-25,46,-29.23,31,-27.91
2026-04-03,Rolling 3 Months,2026-01-01,2026-03-31,City,"Lincolnwood, IL",21,-12.5,420000,-19.23,77,1200,33,37.5,56,16.67,34,88.89
2026-04-03,Rolling 3 Months,2026-01-01,2026-03-31,City,"Volo, IL",23,15,344990,-7.39,115,6250,33,50,64,72.97,40,48.15
2026-04-03,Rolling 3 Months,2026-01-01,2026-03-31,City,"Richton Park, IL",26,8.33,182500,0.27,163,8050,33,-28.26,90,21.62,36,-10
2026-04-03,Rolling 3 Months,2026-01-01,2026-03-31,City,"Troy, IL",33,17.86,330000,3.29,58,650,33,-10.81,63,5,42,23.53
2026-04-03,Rolling 3 Months,2026-01-01,2026-03-31,City,"Washington, IL",34,-10.53,204250,-8.2,18,-900,33,-21.43,45,-25,39,-2.5
2026-04-03,Rolling 3 Months,2026-01-01,2026-03-31,City,"Burr Ridge, IL",25,-3.85,890000,3.19,90,400,36,-14.29,72,-1.37,38,2.7
2026-04-03,Rolling 3 Months,2026-01-01,2026-03-31,City,"River Grove, IL",25,56.25,240500,-24.96,52,-1750,36,-2.7,58,3.57,31,-6.06
2026-04-03,Rolling 3 Months,2026-01-01,2026-03-31,City,"Frankfort Square, IL",25,38.89,358000,2.73,36,-1700,36,63.64,49,32.43,39,62.5
2026-04-03,Rolling 3 Months,2026-01-01,2026-03-31,City,"Bridgeview, IL",28,7.69,280250,-3.36,74,2950,36,-21.74,70,12.9,45,12.5
2026-04-03,Rolling 3 Months,2026-01-01,2026-03-31,City,"Glen Carbon, IL",31,19.23,341000,10,66,3150,36,24.14,68,44.68,48,33.33
2026-04-03,Rolling 3 Months,2026-01-01,2026-03-31,City,"Midlothian, IL",42,35.48,229000,-8.4,84,2300,36,2.86,75,7.14,43,10.26
2026-04-03,Rolling 3 Months,2026-01-01,2026-03-31,City,"Creston, IL",1,-66.67,313500,119.23,165,14100,4,-33.33,5,-28.57,2,-60
2026-04-03,Rolling 3 Months,2026-01-01,2026-03-31,City,"Metamora, IL",1,-90,260000,22.21,1,-1550,4,-55.56,4,-71.43,3,-76.92
2026-04-03,Rolling 3 Months,2026-01-01,2026-03-31,City,"Shabbona, IL",1,0,180000,-16.28,40,-6500,4,NA,6,200,2,0
2026-04-03,Rolling 3 Months,2026-01-01,2026-03-31,City,"Wyanet, IL",1,-75,155000,22.41,54,350,4,100,4,-42.86,3,0
2026-04-03,Rolling 3 Months,2026-01-01,2026-03-31,City,"Lake Camelot, IL",1,0,148000,-45.19,110,1100,4,100,7,16.67,4,0
2026-04-03,Rolling 3 Months,2026-01-01,2026-03-31,City,"Seneca, IL",1,-50,395000,37.39,62,1150,4,0,6,-14.29,5,150
2026-04-03,Rolling 3 Months,2026-01-01,2026-03-31,City,"St. Peter, IL",1,0,137500,14.58,41,800,4,300,5,400,1,0
2026-04-03,Rolling 3 Months,2026-01-01,2026-03-31,City,"Ashland, IL",1,0,265000,112.17,6,-400,4,33.33,5,25,4,100
2026-04-03,Rolling 3 Months,2026-01-01,2026-03-31,City,"Thomson, IL",1,-50,389000,76.42,84,450,4,100,4,0,NA,NA
2026-04-03,Rolling 3 Months,2026-01-01,2026-03-31,City,"Toledo, IL",2,-33.33,81000,-36.47,41,-3000,4,0,5,0,2,-50
2026-04-03,Rolling 3 Months,2026-01-01,2026-03-31,City,"Bement, IL",2,-50,171750,12.62,21,-3050,4,-33.33,6,-45.45,3,-50
2026-04-03,Rolling 3 Months,2026-01-01,2026-03-31,City,"Fairfield, IL",2,NA,53500,NA,142,NA,4,100,8,100,3,NA
2026-04-03,Rolling 3 Months,2026-01-01,2026-03-31,City,"Knollwood, IL",2,-50,397500,-46.16,140,3250,4,100,5,-44.44,3,-40
2026-04-03,Rolling 3 Months,2026-01-01,2026-03-31,City,"Percy, IL",2,100,183500,409.72,152,550,4,NA,6,500,2,NA
2026-04-03,Rolling 3 Months,2026-01-01,2026-03-31,City,"Amboy, IL",2,-50,162500,25.48,57,-6800,4,0,9,0,1,-80
2026-04-03,Rolling 3 Months,2026-01-01,2026-03-31,City,"Worden, IL",2,100,218250,118.25,109,2850,4,0,9,80,3,0
2026-04-03,Rolling 3 Months,2026-01-01,2026-03-31,City,"Stonington, IL",2,-50,144000,6.67,89,3950,4,-20,10,25,4,33.33
2026-04-03,Rolling 3 Months,2026-01-01,2026-03-31,City,"Cerro Gordo, IL",2,0,50000,-68,18,-3600,4,100,8,-11.11,6,0
2026-04-03,Rolling 3 Months,2026-01-01,2026-03-31,City,"Twin Grove, IL",3,-40,392000,42.55,67,-5000,4,-20,6,-33.33,4,-42.86
2026-04-03,Rolling 3 Months,2026-01-01,2026-03-31,City,"Roxana, IL",3,0,113000,-19.29,19,-1500,4,-20,8,14.29,3,-25
2026-04-03,Rolling 3 Months,2026-01-01,2026-03-31,City,"Thomasboro, IL",3,50,190000,192.31,6,-6200,4,NA,8,700,5,NA
2026-04-03,Rolling 3 Months,2026-01-01,2026-03-31,City,"McCullom Lake, IL",3,-40,245000,11.36,33,-2900,4,100,4,-33.33,4,33.33
2026-04-03,Rolling 3 Months,2026-01-01,2026-03-31,City,"Bannockburn, IL",3,-25,1310000,25.06,38,-6400,4,-20,6,-45.45,6,20
2026-04-03,Rolling 3 Months,2026-01-01,2026-03-31,City,"Astoria, IL",3,50,56500,17.71,87,-336450,4,300,6,100,2,0
2026-04-03,Rolling 3 Months,2026-01-01,2026-03-31,City,"Catlin, IL",3,NA,144900,NA,60,NA,4,-33.33,7,-22.22,6,-14.29
2026-04-03,Rolling 3 Months,2026-01-01,2026-03-31,City,"Toulon, IL",3,0,120000,100,44,2900,4,0,6,-25,2,0
2026-04-03,Rolling 3 Months,2026-01-01,2026-03-31,City,"Palestine, IL",3,200,93000,97.87,51,3500,4,300,5,400,5,400
2026-04-03,Rolling 3 Months,2026-01-01,2026-03-31,City,"Findlay, IL",4,100,208500,131.67,57,-5300,4,33.33,6,-14.29,3,-25
2026-04-03,Rolling 3 Months,2026-01-01,2026-03-31,City,"Gardner, IL",4,300,194250,-26.7,34,-13350,4,300,9,200,3,200
2026-04-03,Rolling 3 Months,2026-01-01,2026-03-31,City,"Carrollton, IL",4,-33.33,58500,-29.52,54,-3600,4,33.33,14,-6.67,7,0
2026-04-03,Rolling 3 Months,2026-01-01,2026-03-31,City,"Cambridge, IL",4,0,92500,-32.73,29,-12500,4,300,9,-18.18,9,80
2026-04-03,Rolling 3 Months,2026-01-01,2026-03-31,City,"Girard, IL",4,-20,124950,-16.7,53,-2500,4,100,9,28.57,5,0
2026-04-03,Rolling 3 Months,2026-01-01,2026-03-31,City,"Carlock, IL",4,-20,255750,-18.03,38,100,4,-20,7,0,3,0
2026-04-03,Rolling 3 Months,2026-01-01,2026-03-31,City,"Earlville, IL",5,66.67,170000,-36.09,69,-2500,4,0,10,11.11,7,40
2026-04-03,Rolling 3 Months,2026-01-01,2026-03-31,City,"Payson, IL",5,400,120000,46.34,56,1400,4,NA,8,166.67,2,0
2026-04-03,Rolling 3 Months,2026-01-01,2026-03-31,City,"East Hazel Crest, IL",5,0,187500,20.19,78,-5700,4,-42.86,12,0,4,-42.86
2026-04-03,Rolling 3 Months,2026-01-01,2026-03-31,City,"Harrison, IL",5,400,115000,-47,69,0,4,300,9,350,7,250
2026-04-03,Rolling 3 Months,2026-01-01,2026-03-31,City,"Timberlane, IL",5,66.67,485000,21.25,22,-3000,4,100,5,-16.67,3,-25
2026-04-03,Rolling 3 Months,2026-01-01,2026-03-31,City,"Davis Junction, IL",6,-14.29,246000,-9.69,98,5200,4,-50,13,-13.33,9,-25
2026-04-03,Rolling 3 Months,2026-01-01,2026-03-31,City,"Bunker Hill, IL",6,50,90000,-44.62,96,6900,4,-33.33,10,25,9,80
2026-04-03,Rolling 3 Months,2026-01-01,2026-03-31,City,"Brighton, IL",6,0,180625,21.22,55,1400,4,-50,11,-21.43,10,-23.08
2026-04-03,Rolling 3 Months,2026-01-01,2026-03-31,City,"Aviston, IL",6,200,216250,72.31,49,3350,4,0,7,75,6,50
2026-04-03,Rolling 3 Months,2026-01-01,2026-03-31,City,"Flora, IL",7,133.33,128000,70.89,98,5300,4,-50,14,-6.67,7,16.67
2026-04-03,Rolling 3 Months,2026-01-01,2026-03-31,City,"Johnston City, IL",8,-27.27,130000,80.56,59,1000,4,-71.43,14,-39.13,6,-57.14
2026-04-03,Rolling 3 Months,2026-01-01,2026-03-31,City,"Mansfield, IL",9,125,187900,26.57,46,-350,4,-20,12,33.33,8,60
2026-04-03,Rolling 3 Months,2026-01-01,2026-03-31,City,"Toluca, IL",NA,NA,NA,NA,NA,NA,4,0,4,-55.56,3,0
2026-04-03,Rolling 3 Months,2026-01-01,2026-03-31,City,"Fox River Valley Gardens, IL",NA,NA,NA,NA,NA,NA,4,0,6,-40,3,-40
2026-04-03,Rolling 3 Months,2026-01-01,2026-03-31,City,"Secor, IL",NA,NA,NA,NA,NA,NA,4,NA,4,NA,2,NA
2026-04-03,Rolling 3 Months,2026-01-01,2026-03-31,City,"Willisville, IL",NA,NA,NA,NA,NA,NA,4,NA,4,NA,NA,NA
2026-04-03,Rolling 3 Months,2026-01-01,2026-03-31,City,"Roscoe, IL",19,-47.22,310000,-5.34,38,-600,41,-2.38,52,-8.77,35,-16.67
2026-04-03,Rolling 3 Months,2026-01-01,2026-03-31,City,"Sugar Grove, IL",20,-25.93,431000,-5.69,73,2500,41,2.5,60,15.38,42,23.53
2026-04-03,Rolling 3 Months,2026-01-01,2026-03-31,City,"Clarendon Hills, IL",25,25,670000,-19.03,28,-2250,41,5.13,55,10,36,24.14
2026-04-03,Rolling 3 Months,2026-01-01,2026-03-31,City,"Hawthorn Woods, IL",26,36.84,804995,18.42,160,1150,41,-8.89,73,-6.41,47,42.42
2026-04-03,Rolling 3 Months,2026-01-01,2026-03-31,City,"Glencoe, IL",28,-9.68,1980000,48.31,52,-1300,41,36.67,60,11.11,34,0
2026-04-03,Rolling 3 Months,2026-01-01,2026-03-31,City,"Riverdale, IL",31,72.22,128500,-12.88,105,3450,41,-34.92,90,-19.64,34,-15
2026-04-03,Rolling 3 Months,2026-01-01,2026-03-31,City,"East St. Louis, IL",13,-38.1,27000,-12.9,54,-1500,44,91.3,68,38.78,19,-13.64
2026-04-03,Rolling 3 Months,2026-01-01,2026-03-31,City,"Crete, IL",22,-21.43,262500,-6.25,86,1250,44,37.5,84,37.7,42,10.53
2026-04-03,Rolling 3 Months,2026-01-01,2026-03-31,City,"Winfield, IL",24,14.29,501000,13.86,46,-1000,44,41.94,56,24.44,38,40.74
2026-04-03,Rolling 3 Months,2026-01-01,2026-03-31,City,"Highland, IL",25,-10.71,235000,4.44,39,-300,44,131.58,60,57.89,36,28.57
2026-04-03,Rolling 3 Months,2026-01-01,2026-03-31,City,"Channahon, IL",26,4,376750,14.17,80,2350,44,41.94,73,17.74,42,31.25
2026-04-03,Rolling 3 Months,2026-01-01,2026-03-31,City,"Swansea, IL",39,2.63,257000,-8.21,41,-650,44,-50,73,-30.48,44,-15.38
2026-04-03,Rolling 3 Months,2026-01-01,2026-03-31,City,"Morton, IL",44,33.33,242500,8.26,28,1500,44,-2.22,60,9.09,46,21.05
2026-04-03,Rolling 3 Months,2026-01-01,2026-03-31,City,"De Soto, IL",1,-83.33,167000,33.65,32,1050,5,25,13,30,3,-50
2026-04-03,Rolling 3 Months,2026-01-01,2026-03-31,City,"Alorton, IL",1,NA,25000,NA,3,NA,5,NA,5,NA,3,NA
2026-04-03,Rolling 3 Months,2026-01-01,2026-03-31,City,"Capron, IL",2,0,197400,8.16,73,6750,5,-37.5,6,-25,4,-42.86
2026-04-03,Rolling 3 Months,2026-01-01,2026-03-31,City,"Ladd, IL",2,0,140000,-24.12,52,-30700,5,150,8,300,2,0
2026-04-03,Rolling 3 Months,2026-01-01,2026-03-31,City,"St. Anne, IL",2,-60,158500,-25.93,66,0,5,25,7,0,6,100
2026-04-03,Rolling 3 Months,2026-01-01,2026-03-31,City,"Homer, IL",2,0,106500,-57.31,47,-9450,5,66.67,6,20,4,33.33
2026-04-03,Rolling 3 Months,2026-01-01,2026-03-31,City,"Andalusia, IL",2,-50,225000,25.91,71,600,5,150,6,20,4,0
2026-04-03,Rolling 3 Months,2026-01-01,2026-03-31,City,"Greenview, IL",2,NA,72250,NA,5,NA,5,66.67,5,-16.67,4,300
2026-04-03,Rolling 3 Months,2026-01-01,2026-03-31,City,"Roanoke, IL",3,-62.5,128000,-22.42,4,-5350,5,-37.5,8,-33.33,3,-72.73
2026-04-03,Rolling 3 Months,2026-01-01,2026-03-31,City,"Lawrenceville, IL",3,-25,27000,-56.1,35,-4100,5,66.67,7,-30,2,-66.67
2026-04-03,Rolling 3 Months,2026-01-01,2026-03-31,City,"Dallas City, IL",3,50,50000,-62.96,110,-9150,5,66.67,9,0,3,-50
2026-04-03,Rolling 3 Months,2026-01-01,2026-03-31,City,"Centreville, IL",3,50,35000,19.66,4,-600,5,66.67,10,233.33,3,0
2026-04-03,Rolling 3 Months,2026-01-01,2026-03-31,City,"Cambria, IL",3,50,90000,-66.82,45,-5150,5,-37.5,12,-20,5,150
2026-04-03,Rolling 3 Months,2026-01-01,2026-03-31,City,"Round Lake Heights, IL",4,100,264000,2.92,49,-1900,5,0,7,-12.5,6,20
2026-04-03,Rolling 3 Months,2026-01-01,2026-03-31,City,"Prophetstown, IL",4,0,143000,21.39,58,1200,5,66.67,7,-22.22,7,40
2026-04-03,Rolling 3 Months,2026-01-01,2026-03-31,City,"Third Lake, IL",4,0,396000,-6.33,45,-2000,5,0,6,-14.29,5,66.67
2026-04-03,Rolling 3 Months,2026-01-01,2026-03-31,City,"Port Byron, IL",4,NA,337500,NA,95,NA,5,0,7,-12.5,7,133.33
2026-04-03,Rolling 3 Months,2026-01-01,2026-03-31,City,"Lacon, IL",4,33.33,160000,85.61,116,9500,5,66.67,9,0,7,75
2026-04-03,Rolling 3 Months,2026-01-01,2026-03-31,City,"Greenup, IL",4,300,114500,154.44,42,-3650,5,25,9,50,5,66.67
2026-04-03,Rolling 3 Months,2026-01-01,2026-03-31,City,"Mazon, IL",4,100,192500,20.31,80,-1350,5,NA,7,250,4,300
2026-04-03,Rolling 3 Months,2026-01-01,2026-03-31,City,"Erie, IL",4,33.33,121300,-39.35,14,-8700,5,0,7,-41.67,4,0
2026-04-03,Rolling 3 Months,2026-01-01,2026-03-31,City,"Maroa, IL",4,100,259500,29.1,115,5950,5,150,8,166.67,5,150
2026-04-03,Rolling 3 Months,2026-01-01,2026-03-31,City,"Willow Lake, IL",5,150,215000,38.71,6,-4250,5,400,6,200,3,50
2026-04-03,Rolling 3 Months,2026-01-01,2026-03-31,City,"Chatsworth, IL",5,66.67,128000,28.64,104,2500,5,-16.67,9,-10,6,50
2026-04-03,Rolling 3 Months,2026-01-01,2026-03-31,City,"Jerome, IL",5,-28.57,165000,29.92,43,4000,5,-50,9,-30.77,8,-11.11
2026-04-03,Rolling 3 Months,2026-01-01,2026-03-31,City,"Benld, IL",5,150,30000,-71.29,40,-1150,5,25,6,-14.29,4,100
2026-04-03,Rolling 3 Months,2026-01-01,2026-03-31,City,"East Dubuque, IL",5,150,120000,0.42,43,2350,5,0,9,28.57,4,-33.33
2026-04-03,Rolling 3 Months,2026-01-01,2026-03-31,City,"Riverton, IL",6,0,177500,18.33,9,-1000,5,-54.55,7,-41.67,4,-33.33
2026-04-03,Rolling 3 Months,2026-01-01,2026-03-31,City,"Mount Morris, IL",6,0,136250,-19.85,22,-3500,5,25,10,25,8,0
2026-04-03,Rolling 3 Months,2026-01-01,2026-03-31,City,"Lanark, IL",6,50,125675,21.43,30,-1700,5,-16.67,11,10,8,33.33
2026-04-03,Rolling 3 Months,2026-01-01,2026-03-31,City,"Manito, IL",6,20,143450,30.41,84,2700,5,-37.5,7,-50,6,-40
2026-04-03,Rolling 3 Months,2026-01-01,2026-03-31,City,"Abingdon, IL",7,16.67,93000,-17.52,49,-2500,5,66.67,10,-16.67,7,75
2026-04-03,Rolling 3 Months,2026-01-01,2026-03-31,City,"Marissa, IL",7,-12.5,98000,-12.85,119,4700,5,-16.67,14,7.69,7,-12.5
2026-04-03,Rolling 3 Months,2026-01-01,2026-03-31,City,"Tremont, IL",7,-22.22,215000,-6.52,3,-4500,5,66.67,9,0,7,16.67
2026-04-03,Rolling 3 Months,2026-01-01,2026-03-31,City,"Westlake Village, IL",7,40,307000,5.86,46,4100,5,0,10,42.86,8,14.29
2026-04-03,Rolling 3 Months,2026-01-01,2026-03-31,City,"Prestbury, IL",8,0,417500,8.44,76,-3700,5,-50,11,-21.43,6,-14.29
2026-04-03,Rolling 3 Months,2026-01-01,2026-03-31,City,"El Paso, IL",8,60,158450,24.76,88,2450,5,-28.57,11,-8.33,9,50
2026-04-03,Rolling 3 Months,2026-01-01,2026-03-31,City,"Cairo, IL",NA,NA,NA,NA,NA,NA,5,66.67,6,100,1,0
2026-04-03,Rolling 3 Months,2026-01-01,2026-03-31,City,"Sheffield, IL",NA,NA,NA,NA,NA,NA,5,150,7,0,4,0
2026-04-03,Rolling 3 Months,2026-01-01,2026-03-31,City,"Mettawa, IL",NA,NA,NA,NA,NA,NA,5,150,8,100,4,100
2026-04-03,Rolling 3 Months,2026-01-01,2026-03-31,City,"Western Springs, IL",29,3.57,855000,-2.29,47,-750,52,0,73,0,53,23.26
2026-04-03,Rolling 3 Months,2026-01-01,2026-03-31,City,"Hinsdale, IL",29,-23.68,1099000,15.99,41,-1600,52,-26.76,88,-22.12,45,-8.16
2026-04-03,Rolling 3 Months,2026-01-01,2026-03-31,City,"Antioch, IL",33,-21.43,350000,-3.25,52,-500,52,-16.13,85,-13.27,49,-24.62
2026-04-03,Rolling 3 Months,2026-01-01,2026-03-31,City,"Bellwood, IL",34,3.03,250000,-1.19,113,2550,52,62.5,100,33.33,61,45.24
2026-04-03,Rolling 3 Months,2026-01-01,2026-03-31,City,"Lindenhurst, IL",37,-30.19,362000,6.5,41,-2950,52,-21.21,78,-32.76,46,-28.13
2026-04-03,Rolling 3 Months,2026-01-01,2026-03-31,City,"Brookfield, IL",37,-22.92,420500,18.12,43,-1300,52,8.33,78,-7.14,50,-13.79
2026-04-03,Rolling 3 Months,2026-01-01,2026-03-31,City,"East Moline, IL",39,-36.07,185000,12.8,44,-500,52,-8.77,84,-13.4,53,-14.52
2026-04-03,Rolling 3 Months,2026-01-01,2026-03-31,City,"Downs, IL",1,-75,356000,-3.06,37,-600,6,20,7,40,4,100
2026-04-03,Rolling 3 Months,2026-01-01,2026-03-31,City,"Minier, IL",1,-85.71,285000,67.75,115,5300,6,20,7,-22.22,4,-42.86
2026-04-03,Rolling 3 Months,2026-01-01,2026-03-31,City,"Milford, IL",1,-66.67,230000,318.18,150,9000,6,50,12,71.43,6,100
2026-04-03,Rolling 3 Months,2026-01-01,2026-03-31,City,"Diamond, IL",1,-66.67,380000,52.61,155,9000,6,20,9,-18.18,5,-16.67
2026-04-03,Rolling 3 Months,2026-01-01,2026-03-31,City,"Oregon, IL",11,37.5,185000,4.23,49,1250,6,-40,13,-31.58,12,33.33
2026-04-03,Rolling 3 Months,2026-01-01,2026-03-31,City,"Ford Heights, IL",2,-33.33,149950,13.6,51,-450,6,0,11,10,3,50
2026-04-03,Rolling 3 Months,2026-01-01,2026-03-31,City,"Westville, IL",2,-60,64000,-30.81,21,-2300,6,50,8,-33.33,7,40
2026-04-03,Rolling 3 Months,2026-01-01,2026-03-31,City,"Hebron, IL",2,0,192900,-42.42,127,7750,6,500,9,350,7,250
2026-04-03,Rolling 3 Months,2026-01-01,2026-03-31,City,"Granville, IL",2,0,110000,44.74,20,-12300,6,200,7,16.67,5,25
2026-04-03,Rolling 3 Months,2026-01-01,2026-03-31,City,"Monmouth, IL",2,NA,99000,NA,202,NA,6,-33.33,12,-20,4,33.33
2026-04-03,Rolling 3 Months,2026-01-01,2026-03-31,City,"Grandview, IL",3,-50,135900,28.27,85,5500,6,50,8,0,3,-25
2026-04-03,Rolling 3 Months,2026-01-01,2026-03-31,City,"Oakwood Hills, IL",4,-20,475000,53.23,94,4350,6,-25,9,-30.77,7,-12.5
2026-04-03,Rolling 3 Months,2026-01-01,2026-03-31,City,"Alexis, IL",4,NA,165000,NA,62,NA,6,100,8,100,5,150
2026-04-03,Rolling 3 Months,2026-01-01,2026-03-31,City,"Lewistown, IL",4,100,103000,202.94,41,-1700,6,0,11,-8.33,6,20
2026-04-03,Rolling 3 Months,2026-01-01,2026-03-31,City,"Rome, IL",5,0,208000,36.84,10,-1700,6,200,8,60,6,20
2026-04-03,Rolling 3 Months,2026-01-01,2026-03-31,City,"Bushnell, IL",5,66.67,28000,-72,167,4700,6,100,12,-25,10,150
2026-04-03,Rolling 3 Months,2026-01-01,2026-03-31,City,"Kirkland, IL",5,400,262000,34.36,43,-5300,6,-50,9,-30.77,7,16.67
2026-04-03,Rolling 3 Months,2026-01-01,2026-03-31,City,"Mount Sterling, IL",5,-16.67,115000,-4.17,221,9850,6,50,11,-35.29,4,-42.86
2026-04-03,Rolling 3 Months,2026-01-01,2026-03-31,City,"Colfax, IL",5,400,200000,0,47,-13800,6,20,9,50,5,0
2026-04-03,Rolling 3 Months,2026-01-01,2026-03-31,City,"Crainville, IL",6,-45.45,275200,23.41,52,-4750,6,0,15,-28.57,6,-45.45
2026-04-03,Rolling 3 Months,2026-01-01,2026-03-31,City,"Lake Catherine, IL",6,-14.29,274450,12.02,52,-2750,6,20,9,-30.77,7,0
2026-04-03,Rolling 3 Months,2026-01-01,2026-03-31,City,"Madison, IL",6,-14.29,40250,120.55,112,9100,6,-25,14,-22.22,9,-18.18
2026-04-03,Rolling 3 Months,2026-01-01,2026-03-31,City,"Bethany, IL",6,100,137750,-26.73,33,-300,6,200,13,116.67,10,150
2026-04-03,Rolling 3 Months,2026-01-01,2026-03-31,City,"Limestone, IL",6,20,178500,-22.39,34,-1950,6,20,9,12.5,7,75
2026-04-03,Rolling 3 Months,2026-01-01,2026-03-31,City,"Dwight, IL",7,-41.67,190000,-1.94,85,-1600,6,-25,15,-28.57,7,-53.33
2026-04-03,Rolling 3 Months,2026-01-01,2026-03-31,City,"Hamilton, IL",7,0,93000,-20.03,107,4700,6,-25,17,-29.17,4,-66.67
2026-04-03,Rolling 3 Months,2026-01-01,2026-03-31,City,"Virden, IL",8,-20,156250,9.65,61,4300,6,-66.67,12,-45.45,9,-25
2026-04-03,Rolling 3 Months,2026-01-01,2026-03-31,City,"Pecatonica, IL",8,100,197000,14.53,20,-2600,6,20,8,14.29,6,20
2026-04-03,Rolling 3 Months,2026-01-01,2026-03-31,City,"Ridgewood, IL",NA,NA,NA,NA,NA,NA,6,100,6,-14.29,3,-50
2026-04-03,Rolling 3 Months,2026-01-01,2026-03-31,City,"Fairmont, IL",NA,NA,NA,NA,NA,NA,6,100,7,-22.22,3,-40
2026-04-03,Rolling 3 Months,2026-01-01,2026-03-31,City,"Mason City, IL",1,-88.89,76000,-15.56,11,-4300,7,-22.22,8,-38.46,3,-62.5
2026-04-03,Rolling 3 Months,2026-01-01,2026-03-31,City,"Vienna, IL",1,-50,390000,252.94,57,-2550,7,250,9,28.57,2,100
2026-04-03,Rolling 3 Months,2026-01-01,2026-03-31,City,"Warsaw, IL",10,900,95000,58.33,154,-13800,7,40,21,162.5,9,200
2026-04-03,Rolling 3 Months,2026-01-01,2026-03-31,City,"Coal Valley, IL",11,37.5,265000,8.27,56,3300,7,40,16,77.78,13,160
2026-04-03,Rolling 3 Months,2026-01-01,2026-03-31,City,"Waterman, IL",2,-66.67,330000,28.65,77,-3150,7,133.33,16,60,5,66.67
2026-04-03,Rolling 3 Months,2026-01-01,2026-03-31,City,"Atwood, IL",2,-33.33,51500,-37.2,304,30000,7,133.33,8,60,5,66.67
2026-04-03,Rolling 3 Months,2026-01-01,2026-03-31,City,"Willowbrook, IL",2,-33.33,246750,-25.45,40,-15200,7,75,15,200,9,200
2026-04-03,Rolling 3 Months,2026-01-01,2026-03-31,City,"Grant Park, IL",3,50,185000,-39.89,116,-8750,7,600,12,500,6,200
2026-04-03,Rolling 3 Months,2026-01-01,2026-03-31,City,"Casey, IL",3,-50,130000,58.54,196,8000,7,-12.5,12,-33.33,8,14.29
2026-04-03,Rolling 3 Months,2026-01-01,2026-03-31,City,"North Utica, IL",3,-57.14,190000,8.57,54,-1000,7,40,14,-6.67,7,0
2026-04-03,Rolling 3 Months,2026-01-01,2026-03-31,City,"Williamsville, IL",4,100,185050,-41.39,83,5650,7,75,9,28.57,4,33.33
2026-04-03,Rolling 3 Months,2026-01-01,2026-03-31,City,"Channel Lake, IL",4,-60,289500,25.6,282,22700,7,-36.36,14,-39.13,8,-33.33
2026-04-03,Rolling 3 Months,2026-01-01,2026-03-31,City,"Oglesby, IL",4,300,132250,-52.68,43,950,7,40,12,100,7,40
2026-04-03,Rolling 3 Months,2026-01-01,2026-03-31,City,"Atlanta, IL",4,100,169500,18.32,30,1950,7,75,7,16.67,4,-20
2026-04-03,Rolling 3 Months,2026-01-01,2026-03-31,City,"Stone Park, IL",4,-20,384620,13.46,84,2000,7,0,14,0,8,14.29
2026-04-03,Rolling 3 Months,2026-01-01,2026-03-31,City,"South Roxana, IL",4,-60,85000,-13.13,19,-1400,7,16.67,8,-42.86,4,-60
2026-04-03,Rolling 3 Months,2026-01-01,2026-03-31,City,"Philo, IL",5,NA,195000,NA,70,NA,7,600,10,400,8,700
2026-04-03,Rolling 3 Months,2026-01-01,2026-03-31,City,"Carmi, IL",5,400,92000,26.03,48,-12300,7,600,14,55.56,4,300
2026-04-03,Rolling 3 Months,2026-01-01,2026-03-31,City,"South Chicago Heights, IL",5,25,148000,-9.2,44,-5300,7,-30,13,-23.53,4,-55.56
2026-04-03,Rolling 3 Months,2026-01-01,2026-03-31,City,"Flanagan, IL",5,-37.5,155000,67.12,164,10950,7,75,13,18.18,8,60
2026-04-03,Rolling 3 Months,2026-01-01,2026-03-31,City,"Crystal Lawns, IL",6,50,320000,5.79,56,-550,7,16.67,10,25,5,-16.67
2026-04-03,Rolling 3 Months,2026-01-01,2026-03-31,City,"Hanna City, IL",6,100,157500,-21.25,52,-450,7,75,8,33.33,7,40
2026-04-03,Rolling 3 Months,2026-01-01,2026-03-31,City,"Sesser, IL",6,50,122250,134.48,73,3950,7,-30,12,-42.86,8,14.29
2026-04-03,Rolling 3 Months,2026-01-01,2026-03-31,City,"Smithton, IL",7,-41.67,265000,26.79,42,-1150,7,0,11,-31.25,7,-53.33
2026-04-03,Rolling 3 Months,2026-01-01,2026-03-31,City,"Georgetown, IL",7,40,114000,39.88,43,-100,7,250,14,55.56,10,233.33
2026-04-03,Rolling 3 Months,2026-01-01,2026-03-31,City,"Chicago Heights, IL",44,-26.67,179000,0.85,68,-2350,76,-10.59,152,-19.15,76,-22.45
2026-04-03,Rolling 3 Months,2026-01-01,2026-03-31,City,"Burbank, IL",44,-2.22,309750,-4.69,61,-450,76,31.03,124,13.76,69,16.95
2026-04-03,Rolling 3 Months,2026-01-01,2026-03-31,City,"South Elgin, IL",51,34.21,350000,24.11,44,-600,76,35.71,118,40.48,74,27.59
2026-04-03,Rolling 3 Months,2026-01-01,2026-03-31,City,"New Lenox, IL",55,-16.67,460007,3.97,66,-750,76,-20.83,129,-23.21,79,-4.82
2026-04-03,Rolling 3 Months,2026-01-01,2026-03-31,City,"Batavia, IL",58,-9.38,480000,16.22,43,50,76,-3.8,124,2.48,76,5.56
2026-04-03,Rolling 3 Months,2026-01-01,2026-03-31,City,"East Peoria, IL",59,9.26,160000,4.07,26,200,76,28.81,102,7.37,81,17.39
2026-04-03,Rolling 3 Months,2026-01-01,2026-03-31,City,"Wayne, IL",1,-87.5,1900000,184.64,125,6850,8,-27.27,12,-25,5,-37.5
2026-04-03,Rolling 3 Months,2026-01-01,2026-03-31,City,"Apple Canyon Lake, IL",1,-83.33,90000,-61.37,2,-17250,8,14.29,12,-29.41,5,-54.55
2026-04-03,Rolling 3 Months,2026-01-01,2026-03-31,City,"Havana, IL",1,-80,35000,-53.95,14,-400,8,-27.27,16,-5.88,5,-44.44
2026-04-03,Rolling 3 Months,2026-01-01,2026-03-31,City,"Delavan, IL",1,-66.67,135000,54.29,99,500,8,100,8,-27.27,3,-57.14
2026-04-03,Rolling 3 Months,2026-01-01,2026-03-31,City,"Preston Heights, IL",11,83.33,209000,-11.04,92,3400,8,33.33,17,21.43,13,160
2026-04-03,Rolling 3 Months,2026-01-01,2026-03-31,City,"Long Lake, IL",2,-77.78,298500,14.81,51,-450,8,-27.27,12,-33.33,6,-45.45
2026-04-03,Rolling 3 Months,2026-01-01,2026-03-31,City,"Southern View, IL",3,-25,145000,24.46,1,50,8,33.33,8,0,8,33.33
2026-04-03,Rolling 3 Months,2026-01-01,2026-03-31,City,"Fisher, IL",3,-57.14,220000,22.91,21,-4600,8,-20,11,-45,5,-28.57
2026-04-03,Rolling 3 Months,2026-01-01,2026-03-31,City,"Somonauk, IL",3,-40,252000,-14.58,43,-4400,8,60,16,100,10,42.86
2026-04-03,Rolling 3 Months,2026-01-01,2026-03-31,City,"Tolono, IL",4,-33.33,198500,-17.98,60,-2300,8,100,13,62.5,7,75
2026-04-03,Rolling 3 Months,2026-01-01,2026-03-31,City,"Gillespie, IL",4,-33.33,150000,-2.05,94,2000,8,-11.11,16,-11.11,8,-20
2026-04-03,Rolling 3 Months,2026-01-01,2026-03-31,City,"Eldorado, IL",4,300,70750,20.43,81,4600,8,0,15,15.38,5,25
2026-04-03,Rolling 3 Months,2026-01-01,2026-03-31,City,"Stockton, IL",5,150,160000,71.12,5,-5200,8,33.33,12,9.09,6,200
2026-04-03,Rolling 3 Months,2026-01-01,2026-03-31,City,"Dunlap, IL",5,66.67,241000,183.53,4,-2700,8,33.33,9,12.5,5,-16.67
